time_s_approx,envelope_velocity_mm_s,contributing_pixels
0.001,26.812,2
0.002,26.812,1
0.003,26.812,1
0.004,26.812,2
0.005,26.812,1
0.006,26.812,1
0.007,26.812,2
0.008,26.812,1
0.009,26.812,2
0.010,26.812,1
0.011,26.812,1
0.012,26.812,2
0.013,26.812,1
0.014,26.812,2
0.015,26.812,1
0.016,26.812,1
0.017,26.812,2
0.018,27.930,1
0.019,27.930,1
0.020,29.047,2
0.021,29.047,1
0.022,27.930,2
0.023,25.695,1
0.024,26.812,1
0.025,26.812,2
0.026,26.812,1
0.027,26.812,1
0.028,26.254,2
0.029,26.812,1
0.030,26.254,2
0.031,26.812,1
0.032,26.812,1
0.033,26.812,2
0.034,26.812,1
0.035,26.812,1
0.036,26.812,2
0.037,26.812,1
0.038,26.812,2
0.039,26.812,1
0.040,26.812,1
0.041,26.812,2
0.042,26.812,1
0.043,26.812,2
0.044,26.812,1
0.045,26.812,1
0.046,26.254,2
0.047,26.812,1
0.048,26.812,1
0.049,26.812,2
0.050,26.812,1
0.051,26.812,2
0.052,26.812,1
0.053,24.578,1
0.054,24.578,2
0.055,24.578,1
0.056,24.578,1
0.057,24.578,2
0.058,24.578,1
0.059,26.254,2
0.060,26.812,1
0.061,26.812,1
0.062,26.254,2
0.063,26.812,1
0.064,26.812,2
0.065,26.812,1
0.066,26.812,1
0.067,26.812,2
0.068,26.812,1
0.069,26.812,1
0.070,25.695,2
0.071,24.578,1
0.072,24.578,2
0.073,24.578,1
0.074,24.578,1
0.075,24.578,2
0.076,23.461,1
0.077,23.461,1
0.078,26.812,2
0.079,26.812,1
0.080,25.695,2
0.081,24.578,1
0.082,24.578,1
0.083,24.578,2
0.084,24.578,1
0.085,26.812,1
0.086,26.812,2
0.087,26.812,1
0.088,24.020,2
0.089,24.578,1
0.090,26.812,1
0.091,26.812,2
0.092,25.695,1
0.093,26.254,2
0.094,25.695,1
0.095,24.578,1
0.096,24.578,2
0.097,24.578,1
0.098,24.578,1
0.099,24.020,2
0.100,24.578,1
0.101,24.578,2
0.102,22.344,1
0.103,22.344,1
0.104,22.344,2
0.105,22.344,1
0.106,22.344,1
0.107,20.109,2
0.108,20.109,1
0.109,18.992,2
0.110,20.109,1
0.111,18.992,1
0.112,19.551,2
0.113,20.109,1
0.114,22.344,2
0.115,22.344,1
0.116,22.344,1
0.117,24.578,2
0.118,24.578,1
0.119,24.578,1
0.120,24.020,2
0.121,24.578,1
0.122,24.020,2
0.123,24.578,1
0.124,24.578,1
0.125,23.461,2
0.126,21.227,1
0.127,22.344,1
0.128,22.344,2
0.129,22.344,1
0.130,22.344,2
0.131,24.578,1
0.132,24.578,1
0.133,24.578,2
0.134,22.344,1
0.135,21.227,1
0.136,22.344,2
0.137,20.109,1
0.138,20.109,2
0.139,20.109,1
0.140,20.109,1
0.141,21.227,2
0.142,22.344,1
0.143,21.785,2
0.144,22.344,1
0.145,22.344,1
0.146,24.578,2
0.147,23.461,1
0.148,24.578,1
0.149,22.344,2
0.150,22.344,1
0.151,21.785,2
0.152,22.344,1
0.153,22.344,1
0.154,21.227,2
0.155,20.109,1
0.156,22.344,1
0.157,22.344,2
0.158,22.344,1
0.159,21.785,2
0.160,22.344,1
0.161,22.344,1
0.162,20.109,2
0.163,20.109,1
0.164,20.109,2
0.165,20.109,1
0.166,20.109,1
0.167,21.227,2
0.168,21.227,1
0.169,20.109,1
0.170,19.551,2
0.171,20.109,1
0.172,20.109,2
0.173,20.109,1
0.174,20.109,1
0.175,20.109,2
0.176,20.109,1
0.177,20.109,1
0.178,20.109,2
0.179,20.109,1
0.180,20.109,2
0.181,20.109,1
0.182,20.109,1
0.183,20.109,2
0.184,18.992,1
0.185,18.992,1
0.186,20.109,2
0.187,20.109,1
0.188,22.344,2
0.189,21.227,1
0.190,21.227,1
0.191,22.344,2
0.192,22.344,1
0.193,22.344,2
0.194,22.344,1
0.195,22.344,1
0.196,22.344,2
0.197,22.344,1
0.198,20.109,1
0.199,20.109,2
0.200,20.109,1
0.201,20.109,2
0.202,20.109,1
0.203,20.109,1
0.204,21.785,2
0.205,22.344,1
0.206,22.344,1
0.207,22.344,2
0.208,22.344,1
0.209,22.344,2
0.210,22.344,1
0.211,22.344,1
0.212,22.344,2
0.213,22.344,1
0.214,22.344,3
0.215,20.109,2
0.216,18.992,3
0.217,20.109,3
0.218,20.109,3
0.219,20.109,2
0.220,20.109,3
0.221,20.109,3
0.222,20.109,3
0.223,20.109,3
0.224,20.109,2
0.225,20.109,3
0.226,20.109,3
0.227,20.109,2
0.228,20.109,3
0.229,20.109,3
0.230,20.109,3
0.231,22.344,3
0.232,21.227,2
0.233,20.109,3
0.234,22.344,3
0.235,20.668,2
0.236,20.109,3
0.237,22.344,3
0.238,20.109,3
0.239,20.109,3
0.240,20.109,2
0.241,20.109,3
0.242,20.109,3
0.243,20.109,3
0.244,20.109,2
0.245,22.344,3
0.246,17.875,3
0.247,21.227,3
0.248,21.227,2
0.249,22.344,3
0.250,22.344,3
0.251,22.344,3
0.252,22.344,3
0.253,21.227,2
0.254,20.109,3
0.255,22.344,3
0.256,20.109,2
0.257,20.109,3
0.258,20.109,3
0.259,22.344,3
0.260,20.109,3
0.261,21.227,2
0.262,20.109,3
0.263,20.109,3
0.264,20.109,3
0.265,19.551,2
0.266,20.109,3
0.267,20.109,3
0.268,20.109,3
0.269,20.109,2
0.270,20.109,3
0.271,20.109,3
0.272,20.109,3
0.273,20.109,3
0.274,20.109,2
0.275,20.109,3
0.276,20.109,3
0.277,20.109,2
0.278,20.109,3
0.279,20.109,3
0.280,20.109,3
0.281,20.109,3
0.282,20.109,2
0.283,20.109,3
0.284,20.109,3
0.285,20.109,2
0.286,18.992,3
0.287,20.109,3
0.288,17.875,3
0.289,18.992,3
0.290,20.109,2
0.291,17.875,3
0.292,22.344,3
0.293,20.109,3
0.294,21.227,2
0.295,22.344,3
0.296,22.344,3
0.297,20.109,3
0.298,21.227,2
0.299,20.109,3
0.300,22.344,3
0.301,11.172,3
0.302,22.344,3
0.303,16.758,2
0.304,11.172,3
0.305,20.109,3
0.306,16.758,2
0.307,13.406,3
0.308,20.109,3
0.309,17.875,3
0.310,20.109,3
0.311,18.992,2
0.312,17.875,3
0.313,18.992,3
0.314,15.641,3
0.315,17.875,2
0.316,18.992,3
0.317,15.641,3
0.318,20.109,3
0.319,17.316,2
0.320,17.875,3
0.321,18.992,3
0.322,17.875,3
0.323,20.109,3
0.324,18.992,2
0.325,17.875,3
0.326,20.109,3
0.327,18.434,2
0.328,17.875,3
0.329,17.875,3
0.330,15.641,3
0.331,16.758,3
0.332,15.641,2
0.333,13.406,3
0.334,17.875,3
0.335,16.758,2
0.336,13.406,3
0.337,20.109,3
0.338,15.641,3
0.339,22.344,3
0.340,18.434,2
0.341,15.641,3
0.342,15.641,3
0.343,17.875,3
0.344,13.406,2
0.345,11.172,3
0.346,15.641,3
0.347,13.406,3
0.348,14.523,2
0.349,13.406,3
0.350,13.406,3
0.351,13.406,3
0.352,17.875,3
0.353,15.641,2
0.354,13.406,3
0.355,15.641,3
0.356,14.523,2
0.357,14.523,3
0.358,15.641,3
0.359,15.641,3
0.360,15.641,3
0.361,16.758,2
0.362,13.406,3
0.363,17.875,3
0.364,13.406,3
0.365,15.641,2
0.366,17.875,3
0.367,12.289,3
0.368,17.875,3
0.369,14.523,2
0.370,13.406,3
0.371,15.641,3
0.372,11.172,3
0.373,13.406,3
0.374,13.406,2
0.375,15.641,3
0.376,13.406,3
0.377,15.641,2
0.378,17.875,3
0.379,13.406,3
0.380,20.109,3
0.381,15.641,3
0.382,17.875,2
0.383,20.109,3
0.384,15.641,3
0.385,18.992,2
0.386,17.875,3
0.387,17.875,3
0.388,16.758,3
0.389,15.641,3
0.390,15.641,2
0.391,20.109,3
0.392,13.406,3
0.393,20.109,3
0.394,16.758,2
0.395,13.406,3
0.396,17.875,3
0.397,13.406,3
0.398,15.082,2
0.399,16.758,3
0.400,15.641,3
0.401,17.875,3
0.402,15.641,3
0.403,15.641,2
0.404,11.172,3
0.405,13.406,3
0.406,10.055,2
0.407,4.469,3
0.408,13.406,3
0.409,6.703,3
0.410,13.406,3
0.411,11.172,2
0.412,11.172,3
0.413,13.406,3
0.414,8.938,3
0.415,8.938,2
0.416,15.641,3
0.417,4.469,3
0.418,15.641,3
0.419,10.613,2
0.420,4.469,3
0.421,17.875,3
0.422,4.469,3
0.423,20.109,3
0.424,12.289,2
0.425,4.469,3
0.426,20.109,3
0.427,4.469,3
0.428,4.469,4
0.429,11.172,4
0.430,4.469,5
0.431,11.172,4
0.432,4.469,4
0.433,4.469,4
0.434,12.289,4
0.435,4.469,4
0.436,4.469,4
0.437,11.172,4
0.438,4.469,5
0.439,11.172,4
0.440,4.469,4
0.441,4.469,4
0.442,11.172,4
0.443,4.469,5
0.444,4.469,3
0.445,7.820,4
0.446,4.469,5
0.447,5.586,4
0.448,4.469,4
0.449,4.469,4
0.450,4.469,4
0.451,4.469,5
0.452,4.469,4
0.453,4.469,3
0.454,3.352,5
0.455,7.820,4
0.456,4.469,4
0.457,4.469,4
0.458,4.469,4
0.459,4.469,5
0.460,5.586,4
0.461,9.496,4
0.462,10.613,4
0.463,11.172,4
0.464,18.992,5
0.465,20.109,3
0.466,15.641,4
0.467,31.281,5
0.468,17.875,4
0.469,36.867,4
0.470,39.102,4
0.471,23.461,4
0.472,46.922,5
0.473,26.812,4
0.474,51.391,3
0.475,55.859,5
0.476,32.398,4
0.477,68.148,4
0.478,71.500,4
0.479,43.570,4
0.480,89.375,5
0.481,46.922,4
0.482,98.312,4
0.483,102.781,4
0.484,55.859,4
0.485,118.422,4
0.486,121.773,4
0.487,64.797,4
0.488,143.000,5
0.489,77.645,4
0.490,160.875,4
0.491,163.109,4
0.492,91.609,4
0.493,185.453,5
0.494,184.336,3
0.495,98.312,4
0.496,199.977,5
0.497,102.781,4
0.498,207.797,4
0.499,212.266,4
0.500,111.719,4
0.501,230.141,5
0.502,124.008,4
0.503,239.078,3
0.504,243.547,5
0.505,132.945,4
0.506,251.367,4
0.507,254.160,4
0.508,139.648,4
0.509,254.719,5
0.510,143.000,4
0.511,255.277,4
0.512,256.953,4
0.513,149.703,4
0.514,263.656,5
0.515,263.656,3
0.516,156.965,4
0.517,263.656,5
0.518,164.227,4
0.519,263.656,4
0.520,265.332,4
0.521,174.281,4
0.522,265.891,5
0.523,178.750,4
0.524,264.773,3
0.525,264.773,5
0.526,187.688,4
0.527,265.332,4
0.528,265.891,4
0.529,197.742,4
0.530,265.891,5
0.531,207.238,4
0.532,254.719,4
0.533,253.602,4
0.534,214.500,4
0.535,241.312,4
0.536,240.195,4
0.537,216.176,4
0.538,239.078,5
0.539,220.645,4
0.540,241.312,4
0.541,242.430,4
0.542,231.258,4
0.543,245.781,5
0.544,244.664,3
0.545,239.637,4
0.546,242.430,5
0.547,241.312,4
0.548,236.844,4
0.549,236.285,4
0.550,244.664,4
0.551,230.141,5
0.552,243.547,4
0.553,227.906,3
0.554,227.906,5
0.555,243.547,4
0.556,227.906,4
0.557,226.789,4
0.558,244.664,4
0.559,223.438,5
0.560,241.871,4
0.561,221.203,4
0.562,220.645,4
0.563,243.547,4
0.564,218.969,5
0.565,218.969,3
0.566,241.312,4
0.567,212.266,5
0.568,238.520,4
0.569,207.797,4
0.570,207.797,4
0.571,236.285,4
0.572,205.562,5
0.573,231.258,4
0.574,202.211,3
0.575,198.859,5
0.576,222.320,4
0.577,189.922,4
0.578,187.688,4
0.579,213.383,4
0.580,189.922,5
0.581,215.617,4
0.582,192.156,4
0.583,190.480,4
0.584,216.734,4
0.585,184.895,4
0.586,183.219,4
0.587,212.266,4
0.588,178.750,5
0.589,207.797,4
0.590,175.398,4
0.591,173.723,4
0.592,202.211,4
0.593,172.047,5
0.594,172.047,3
0.595,197.742,4
0.596,163.109,5
0.597,194.949,4
0.598,158.641,4
0.599,157.523,4
0.600,191.039,4
0.601,156.406,5
0.602,187.688,4
0.603,154.172,3
0.604,151.938,5
0.605,184.895,4
0.606,146.910,4
0.607,145.234,4
0.608,178.750,4
0.609,140.766,5
0.610,175.398,4
0.611,137.973,4
0.612,138.531,4
0.613,173.164,4
0.614,138.531,5
0.615,138.531,3
0.616,170.930,4
0.617,138.531,5
0.618,161.992,4
0.619,136.297,4
0.620,137.414,4
0.621,163.109,4
0.622,138.531,5
0.623,165.344,4
0.624,134.062,3
0.625,134.062,5
0.626,161.992,4
0.627,131.828,4
0.628,130.711,4
0.629,155.289,4
0.630,127.359,5
0.631,150.820,4
0.632,120.098,4
0.633,116.188,4
0.634,144.117,4
0.635,116.188,4
0.636,116.188,4
0.637,140.766,4
0.638,113.953,5
0.639,138.531,4
0.640,113.395,4
0.641,134.621,6
0.642,155.289,5
0.643,111.719,6
0.644,150.820,5
0.645,149.703,5
0.646,109.484,6
0.647,145.234,6
0.648,109.484,5
0.649,125.125,6
0.650,143.000,5
0.651,107.250,6
0.652,137.414,6
0.653,122.891,4
0.654,108.367,6
0.655,138.531,6
0.656,105.016,5
0.657,121.215,6
0.658,136.297,5
0.659,102.781,6
0.660,135.738,6
0.661,102.781,5
0.662,105.016,5
0.663,136.297,6
0.664,104.457,6
0.665,134.062,5
0.666,132.945,5
0.667,102.781,6
0.668,131.270,6
0.669,102.781,5
0.670,115.070,6
0.671,125.125,5
0.672,97.754,6
0.673,120.656,6
0.674,107.250,4
0.675,98.312,6
0.676,115.629,6
0.677,100.547,5
0.678,106.691,6
0.679,112.836,5
0.680,100.547,6
0.681,113.953,6
0.682,100.547,5
0.683,100.547,5
0.684,111.719,6
0.685,100.547,5
0.686,105.016,6
0.687,109.484,5
0.688,100.547,6
0.689,109.484,6
0.690,100.547,5
0.691,103.898,6
0.692,106.133,5
0.693,96.078,6
0.694,107.250,5
0.695,107.250,5
0.696,98.312,6
0.697,105.574,6
0.698,98.312,5
0.699,100.547,6
0.700,102.781,5
0.701,96.078,6
0.702,102.781,6
0.703,99.430,4
0.704,97.195,6
0.705,103.340,6
0.706,98.312,5
0.707,100.547,6
0.708,101.664,5
0.709,99.988,6
0.710,101.664,6
0.711,99.430,5
0.712,98.312,5
0.713,98.312,6
0.714,97.195,6
0.715,96.078,5
0.716,96.078,5
0.717,99.430,6
0.718,99.430,6
0.719,98.312,5
0.720,98.312,6
0.721,100.547,5
0.722,94.961,6
0.723,99.430,6
0.724,96.637,4
0.725,93.844,6
0.726,100.547,6
0.727,93.844,5
0.728,97.195,6
0.729,99.430,5
0.730,89.375,6
0.731,100.547,6
0.732,89.375,5
0.733,89.375,5
0.734,96.078,6
0.735,89.375,5
0.736,90.492,6
0.737,96.078,5
0.738,78.203,6
0.739,98.312,6
0.740,75.969,5
0.741,85.465,6
0.742,96.078,5
0.743,73.734,6
0.744,94.961,5
0.745,94.961,5
0.746,69.266,6
0.747,96.637,6
0.748,71.500,5
0.749,84.906,6
0.750,98.312,5
0.751,71.500,6
0.752,97.195,6
0.753,82.672,4
0.754,68.148,6
0.755,96.637,6
0.756,64.797,5
0.757,80.438,6
0.758,98.312,5
0.759,62.562,6
0.760,98.312,6
0.761,62.562,5
0.762,58.094,5
0.763,93.844,6
0.764,55.859,6
0.765,93.844,5
0.766,93.844,5
0.767,51.391,6
0.768,91.609,6
0.769,49.156,5
0.770,68.707,6
0.771,89.375,5
0.772,51.391,6
0.773,89.375,6
0.774,69.824,4
0.775,49.156,6
0.776,87.141,6
0.777,46.922,5
0.778,60.328,6
0.779,75.969,5
0.780,44.688,6
0.781,74.852,6
0.782,44.688,5
0.783,44.688,5
0.784,72.059,6
0.785,42.453,5
0.786,55.301,6
0.787,69.266,5
0.788,39.102,6
0.789,69.266,6
0.790,40.219,5
0.791,55.301,6
0.792,71.500,5
0.793,37.984,6
0.794,69.266,5
0.795,69.266,5
0.796,37.984,6
0.797,64.797,6
0.798,35.750,5
0.799,49.715,6
0.800,60.328,5
0.801,35.750,6
0.802,58.094,6
0.803,46.922,4
0.804,37.984,6
0.805,55.859,6
0.806,37.984,5
0.807,45.805,6
0.808,51.391,5
0.809,40.219,6
0.810,49.156,6
0.811,40.219,5
0.812,40.219,5
0.813,49.156,6
0.814,40.219,6
0.815,49.156,5
0.816,46.922,5
0.817,37.984,6
0.818,44.688,6
0.819,35.750,5
0.820,41.336,6
0.821,44.688,5
0.822,41.336,6
0.823,44.688,6
0.824,43.012,4
0.825,42.453,6
0.826,43.012,6
0.827,42.453,5
0.828,41.336,6
0.829,42.453,5
0.830,41.895,6
0.831,39.660,6
0.832,44.688,5
0.833,44.688,5
0.834,37.984,6
0.835,44.688,5
0.836,41.336,6
0.837,37.984,5
0.838,44.688,6
0.839,37.984,6
0.840,49.156,5
0.841,42.453,6
0.842,35.750,5
0.843,48.039,6
0.844,37.984,5
0.845,37.984,5
0.846,46.363,6
0.847,37.984,6
0.848,49.156,5
0.849,44.129,6
0.850,40.219,5
0.851,48.598,6
0.852,40.219,6
0.853,51.391,5
0.854,53.625,6
0.855,40.219,6
0.856,58.094,6
0.857,40.219,5
0.858,50.273,6
0.859,62.562,5
0.860,36.309,6
0.861,64.797,6
0.862,49.715,4
0.863,37.984,6
0.864,62.562,6
0.865,42.453,5
0.866,52.508,6
0.867,63.680,5
0.868,42.453,6
0.869,64.238,6
0.870,42.453,5
0.871,44.688,5
0.872,65.914,6
0.873,44.688,6
0.874,65.914,5
0.875,67.031,5
0.876,44.688,6
0.877,69.266,6
0.878,45.805,5
0.879,58.652,6
0.880,71.500,5
0.881,48.598,6
0.882,72.617,6
0.883,61.445,4
0.884,49.156,6
0.885,75.969,6
0.886,49.156,5
0.887,62.562,6
0.888,75.969,5
0.889,46.922,6
0.890,75.410,6
0.891,49.156,5
0.892,49.156,5
0.893,74.852,6
0.894,52.508,5
0.895,65.914,6
0.896,78.203,5
0.897,57.535,6
0.898,77.086,6
0.899,60.328,5
0.900,62.562,5
0.901,77.645,6
0.902,64.797,6
0.903,79.320,5
0.904,79.320,5
0.905,64.797,6
0.906,80.438,6
0.907,64.797,5
0.908,71.500,6
0.909,77.086,5
0.910,64.797,6
0.911,79.320,6
0.912,72.059,4
0.913,64.797,6
0.914,80.438,6
0.915,67.031,5
0.916,72.617,6
0.917,78.203,5
0.918,69.266,6
0.919,77.645,6
0.920,71.500,5
0.921,71.500,5
0.922,78.203,6
0.923,73.734,6
0.924,79.320,5
0.925,80.438,5
0.926,74.852,6
0.927,77.645,6
0.928,75.969,5
0.929,77.086,6
0.930,78.203,5
0.931,78.203,6
0.932,82.672,6
0.933,79.320,4
0.934,75.969,6
0.935,77.086,6
0.936,75.969,5
0.937,77.086,6
0.938,75.969,5
0.939,78.203,6
0.940,75.969,6
0.941,78.203,5
0.942,78.203,5
0.943,75.969,6
0.944,78.203,5
0.945,75.969,6
0.946,73.734,5
0.947,80.438,6
0.948,73.734,6
0.949,79.320,5
0.950,80.438,5
0.951,73.734,6
0.952,78.203,6
0.953,73.734,5
0.954,73.734,5
0.955,79.879,6
0.956,72.617,6
0.957,80.438,5
0.958,73.734,6
0.959,69.266,5
0.960,77.645,6
0.961,67.031,6
0.962,72.059,4
0.963,77.086,6
0.964,64.797,6
0.965,78.203,5
0.966,71.500,6
0.967,64.797,5
0.968,79.879,6
0.969,64.797,6
0.970,78.203,5
0.971,78.203,5
0.972,62.562,6
0.973,79.879,6
0.974,62.562,5
0.975,62.562,5
0.976,82.113,6
0.977,60.328,6
0.978,75.969,5
0.979,68.148,6
0.980,60.328,5
0.981,74.852,6
0.982,60.328,6
0.983,68.148,4
0.984,74.852,6
0.985,56.977,6
0.986,75.969,5
0.987,64.797,6
0.988,55.859,5
0.989,73.734,6
0.990,56.977,6
0.991,72.617,5
0.992,73.734,5
0.993,55.859,6
0.994,73.734,5
0.995,64.797,6
0.996,53.625,5
0.997,71.500,6
0.998,53.625,6
0.999,69.266,5
1.000,69.266,5
1.001,52.508,6
1.002,69.266,6
1.003,51.391,5
1.004,51.391,5
1.005,64.797,6
1.006,49.156,6
1.007,64.797,5
1.008,56.418,6
1.009,46.922,5
1.010,64.797,6
1.011,44.688,6
1.012,54.742,4
1.013,63.121,6
1.014,44.688,6
1.015,62.562,5
1.016,53.625,6
1.017,44.688,5
1.018,59.770,6
1.019,44.129,6
1.020,60.328,5
1.021,60.328,5
1.022,42.453,6
1.023,59.770,6
1.024,40.219,5
1.025,40.219,5
1.026,59.211,6
1.027,40.219,6
1.028,55.859,5
1.029,47.480,6
1.030,40.219,5
1.031,55.301,6
1.032,37.984,6
1.033,46.922,4
1.034,55.859,6
1.035,37.984,6
1.036,53.625,5
1.037,45.805,6
1.038,37.984,5
1.039,53.066,6
1.040,37.984,6
1.041,53.625,5
1.042,52.508,5
1.043,35.750,6
1.044,51.391,5
1.045,42.453,6
1.046,33.516,5
1.047,51.391,6
1.048,33.516,6
1.049,49.156,5
1.050,49.156,5
1.051,31.281,6
1.052,45.805,6
1.053,31.281,5
1.054,31.281,5
1.055,43.570,6
1.056,31.281,6
1.057,44.688,5
1.058,39.102,6
1.059,33.516,5
1.060,44.688,6
1.061,31.281,6
1.062,37.984,4
1.063,42.453,6
1.064,31.281,6
1.065,40.219,5
1.066,36.309,6
1.067,37.984,7
1.068,40.219,7
1.069,33.516,6
1.070,37.984,6
1.071,35.750,4
1.072,32.398,6
1.073,37.984,6
1.074,31.281,5
1.075,34.633,6
1.076,36.867,5
1.077,31.281,6
1.078,37.984,6
1.079,33.516,5
1.080,33.516,5
1.081,37.426,6
1.082,33.516,6
1.083,35.750,5
1.084,34.633,5
1.085,32.398,6
1.086,32.957,6
1.087,29.047,5
1.088,31.281,6
1.089,31.281,5
1.090,30.164,6
1.091,31.281,6
1.092,31.281,4
1.093,31.281,6
1.094,31.281,6
1.095,33.516,5
1.096,31.840,6
1.097,31.281,5
1.098,33.516,6
1.099,31.281,6
1.100,30.723,4
1.101,31.281,6
1.102,31.281,6
1.103,31.281,5
1.104,31.281,6
1.105,31.281,5
1.106,33.516,6
1.107,31.281,6
1.108,33.516,5
1.109,33.516,5
1.110,33.516,6
1.111,33.516,6
1.112,31.281,5
1.113,31.281,5
1.114,32.957,6
1.115,31.281,6
1.116,31.281,5
1.117,31.281,6
1.118,31.281,5
1.119,31.281,6
1.120,31.281,6
1.121,31.281,4
1.122,31.281,6
1.123,32.398,6
1.124,31.281,5
1.125,31.281,6
1.126,31.281,5
1.127,31.281,6
1.128,31.281,6
1.129,31.281,5
1.130,31.281,5
1.131,29.605,6
1.132,31.281,6
1.133,30.164,5
1.134,30.164,5
1.135,31.281,6
1.136,31.281,6
1.137,31.281,5
1.138,32.398,6
1.139,33.516,5
1.140,31.281,6
1.141,31.281,6
1.142,31.281,4
1.143,31.281,6
1.144,31.281,6
1.145,31.281,5
1.146,31.281,6
1.147,31.281,5
1.148,31.281,6
1.149,33.516,6
1.150,32.398,4
1.151,29.047,6
1.152,33.516,6
1.153,29.047,5
1.154,31.281,6
1.155,33.516,5
1.156,31.281,6
1.157,33.516,6
1.158,31.281,5
1.159,31.281,5
1.160,31.281,6
1.161,31.281,6
1.162,31.281,5
1.163,31.281,5
1.164,31.281,6
1.165,30.164,6
1.166,29.047,5
1.167,29.605,6
1.168,30.164,5
1.169,29.047,6
1.170,30.723,6
1.171,30.164,4
1.172,29.047,6
1.173,30.164,6
1.174,29.047,5
1.175,29.605,6
1.176,30.164,5
1.177,29.047,6
1.178,31.281,6
1.179,29.047,5
1.180,29.047,5
1.181,31.281,6
1.182,29.047,6
1.183,29.047,5
1.184,29.047,5
1.185,28.488,6
1.186,29.047,6
1.187,26.812,5
1.188,27.930,6
1.189,31.281,5
1.190,26.812,6
1.191,29.605,6
1.192,27.930,4
1.193,26.812,6
1.194,29.047,6
1.195,29.047,5
1.196,28.488,6
1.197,29.047,5
1.198,29.047,6
1.199,30.723,6
1.200,30.164,4
1.201,29.047,6
1.202,30.723,6
1.203,29.047,5
1.204,30.164,6
1.205,31.281,5
1.206,29.047,6
1.207,29.047,6
1.208,29.047,5
1.209,29.047,5
1.210,29.047,6
1.211,29.047,6
1.212,29.047,5
1.213,29.047,5
1.214,29.047,6
1.215,29.047,6
1.216,29.047,5
1.217,29.047,6
1.218,29.047,5
1.219,29.047,6
1.220,29.047,6
1.221,29.047,4
1.222,29.047,6
1.223,29.047,6
1.224,29.047,5
1.225,29.047,6
1.226,29.047,5
1.227,29.047,6
1.228,27.930,6
1.229,29.047,5
1.230,29.047,5
1.231,26.812,6
1.232,29.047,6
1.233,26.812,5
1.234,26.812,5
1.235,31.281,6
1.236,27.371,6
1.237,31.281,5
1.238,29.047,6
1.239,29.047,5
1.240,28.488,6
1.241,29.047,6
1.242,27.371,4
1.243,29.047,6
1.244,28.488,6
1.245,26.812,5
1.246,26.812,6
1.247,26.812,5
1.248,27.930,6
1.249,26.812,6
1.250,30.164,4
1.251,29.605,6
1.252,29.047,6
1.253,29.047,5
1.254,29.047,6
1.255,29.047,5
1.256,29.047,6
1.257,29.047,6
1.258,26.812,5
1.259,26.812,5
1.260,29.047,6
1.261,26.812,6
1.262,29.047,5
1.263,29.047,5
1.264,26.812,6
1.265,27.930,6
1.266,26.812,5
1.267,27.930,6
1.268,27.930,5
1.269,26.812,6
1.270,27.930,6
1.271,27.930,4
1.272,25.695,6
1.273,29.047,6
1.274,24.578,5
1.275,27.930,6
1.276,31.281,5
1.277,25.137,6
1.278,32.398,6
1.279,26.812,5
1.280,26.812,6
1.281,29.047,7
1.282,24.578,7
1.283,26.812,5
1.284,25.695,6
1.285,24.578,5
1.286,29.047,6
1.287,24.578,6
1.288,29.047,5
1.289,29.047,5
1.290,24.578,6
1.291,29.047,6
1.292,26.812,5
1.293,26.812,5
1.294,28.488,6
1.295,26.812,6
1.296,27.930,5
1.297,26.254,6
1.298,24.578,5
1.299,26.254,6
1.300,24.578,5
1.301,24.578,5
1.302,26.812,6
1.303,24.578,6
1.304,26.812,5
1.305,25.695,6
1.306,26.812,5
1.307,26.812,6
1.308,26.812,6
1.309,26.812,4
1.310,26.812,6
1.311,26.812,6
1.312,26.812,5
1.313,26.812,6
1.314,25.695,5
1.315,24.578,6
1.316,26.812,6
1.317,24.578,5
1.318,26.812,5
1.319,26.812,6
1.320,26.812,6
1.321,27.930,5
1.322,27.930,5
1.323,26.812,6
1.324,29.047,6
1.325,24.578,5
1.326,26.812,6
1.327,29.047,5
1.328,24.578,6
1.329,26.812,6
1.330,25.695,4
1.331,24.578,6
1.332,26.254,6
1.333,24.578,5
1.334,26.812,6
1.335,29.047,5
1.336,26.812,6
1.337,27.371,6
1.338,26.812,5
1.339,24.578,5
1.340,26.812,6
1.341,24.578,6
1.342,29.047,5
1.343,29.047,5
1.344,24.578,6
1.345,28.488,6
1.346,24.578,5
1.347,26.812,6
1.348,26.812,5
1.349,26.812,6
1.350,26.812,5
1.351,26.812,5
1.352,26.812,6
1.353,26.254,6
1.354,26.812,5
1.355,25.695,6
1.356,26.812,5
1.357,26.812,6
1.358,26.812,6
1.359,26.812,4
1.360,26.812,6
1.361,25.695,6
1.362,26.812,5
1.363,25.695,6
1.364,24.578,5
1.365,28.488,6
1.366,24.578,6
1.367,29.047,5
1.368,29.047,5
1.369,24.578,6
1.370,28.488,6
1.371,24.578,5
1.372,24.578,5
1.373,26.812,6
1.374,24.578,6
1.375,25.695,5
1.376,25.695,6
1.377,24.578,5
1.378,26.812,6
1.379,24.578,6
1.380,26.812,4
1.381,26.812,6
1.382,24.578,6
1.383,26.812,5
1.384,25.695,6
1.385,24.578,5
1.386,28.488,6
1.387,24.578,6
1.388,27.930,5
1.389,26.812,5
1.390,24.578,6
1.391,26.812,6
1.392,24.578,5
1.393,24.578,5
1.394,26.812,6
1.395,24.578,6
1.396,24.578,5
1.397,23.461,6
1.398,22.344,5
1.399,25.695,6
1.400,22.344,5
1.401,24.578,5
1.402,26.254,6
1.403,24.578,6
1.404,24.578,5
1.405,24.578,6
1.406,24.578,5
1.407,24.578,6
1.408,24.578,6
1.409,23.461,4
1.410,24.020,6
1.411,22.344,6
1.412,24.578,5
1.413,23.461,6
1.414,23.461,5
1.415,24.578,6
1.416,24.578,6
1.417,24.578,5
1.418,24.578,5
1.419,24.578,6
1.420,24.578,6
1.421,24.578,5
1.422,24.578,5
1.423,24.578,6
1.424,24.578,6
1.425,24.578,5
1.426,24.578,6
1.427,24.578,5
1.428,24.578,6
1.429,24.578,6
1.430,24.578,4
1.431,24.578,6
1.432,24.578,6
1.433,24.578,5
1.434,24.578,6
1.435,24.578,5
1.436,24.578,6
1.437,22.344,6
1.438,22.344,5
1.439,22.344,5
1.440,20.109,6
1.441,22.344,6
1.442,22.344,5
1.443,22.344,5
1.444,22.344,6
1.445,21.785,6
1.446,22.344,5
1.447,23.461,6
1.448,22.344,5
1.449,24.020,6
1.450,23.461,5
1.451,23.461,5
1.452,22.344,6
1.453,24.578,6
1.454,22.344,5
1.455,22.344,6
1.456,22.344,5
1.457,22.344,6
1.458,22.344,6
1.459,22.344,4
1.460,24.578,6
1.461,22.344,6
1.462,23.461,5
1.463,22.344,6
1.464,20.109,5
1.465,24.020,6
1.466,19.551,6
1.467,24.578,5
1.468,24.578,5
1.469,20.109,6
1.470,24.020,6
1.471,20.109,5
1.472,20.109,5
1.473,24.020,6
1.474,20.109,6
1.475,23.461,5
1.476,21.227,6
1.477,20.109,5
1.478,22.344,6
1.479,20.109,6
1.480,20.668,4
1.481,20.109,6
1.482,20.109,6
1.483,20.109,5
1.484,20.109,6
1.485,20.109,5
1.486,20.109,6
1.487,18.434,6
1.488,21.227,5
1.489,22.344,5
1.490,17.875,6
1.491,21.227,6
1.492,17.875,5
1.493,17.875,5
1.494,22.344,7
1.495,20.109,7
1.496,24.578,6
1.497,20.109,5
1.498,20.109,5
1.499,22.344,6
1.500,20.109,5
1.501,21.227,6
1.502,22.344,5
1.503,20.109,6
1.504,21.227,6
1.505,20.109,5
1.506,20.109,6
1.507,20.109,5
1.508,20.109,6
1.509,20.109,5
1.510,20.109,5
1.511,21.785,6
1.512,20.109,6
1.513,21.227,5
1.514,20.109,6
1.515,20.109,5
1.516,20.109,6
1.517,20.109,6
1.518,20.109,4
1.519,20.109,6
1.520,20.109,6
1.521,20.109,5
1.522,20.109,6
1.523,20.109,5
1.524,20.109,6
1.525,20.109,6
1.526,20.109,5
1.527,20.109,5
1.528,18.992,6
1.529,20.109,6
1.530,17.875,5
1.531,17.875,5
1.532,20.109,6
1.533,17.875,6
1.534,20.109,5
1.535,18.992,6
1.536,20.109,5
1.537,22.344,6
1.538,20.109,6
1.539,21.227,4
1.540,22.344,6
1.541,20.109,6
1.542,22.344,5
1.543,21.227,6
1.544,20.109,5
1.545,21.785,6
1.546,20.109,6
1.547,22.344,5
1.548,22.344,5
1.549,21.227,6
1.550,24.578,5
1.551,23.461,6
1.552,22.344,5
1.553,24.020,6
1.554,22.344,6
1.555,23.461,5
1.556,23.461,6
1.557,22.344,5
1.558,24.020,6
1.559,20.109,5
1.560,20.109,5
1.561,24.578,6
1.562,20.109,6
1.563,26.812,5
1.564,22.902,6
1.565,20.109,5
1.566,24.578,6
1.567,20.109,6
1.568,22.344,4
1.569,24.578,6
1.570,20.109,6
1.571,23.461,5
1.572,21.785,6
1.573,20.109,5
1.574,24.578,6
1.575,20.109,6
1.576,26.812,5
1.577,25.695,5
1.578,22.344,6
1.579,24.578,6
1.580,22.344,5
1.581,22.344,5
1.582,24.578,6
1.583,22.344,6
1.584,24.578,5
1.585,22.344,6
1.586,22.344,5
1.587,21.785,6
1.588,22.344,6
1.589,23.461,4
1.590,22.344,6
1.591,24.578,6
1.592,20.109,5
1.593,22.344,6
1.594,24.578,5
1.595,20.109,6
1.596,23.461,6
1.597,20.109,5
1.598,17.875,5
1.599,24.020,6
1.600,15.641,5
1.601,18.992,6
1.602,24.578,5
1.603,13.406,6
1.604,24.578,6
1.605,13.406,5
1.606,18.992,6
1.607,24.578,5
1.608,8.938,6
1.609,23.461,5
1.610,23.461,5
1.611,4.469,6
1.612,24.578,6
1.613,4.469,5
1.614,14.523,6
1.615,24.578,5
1.616,4.469,6
1.617,24.578,6
1.618,15.082,4
1.619,4.469,6
1.620,25.137,6
1.621,4.469,5
1.622,15.082,6
1.623,23.461,5
1.624,13.406,6
1.625,24.578,6
1.626,17.875,5
1.627,17.875,5
1.628,24.020,6
1.629,20.109,6
1.630,22.344,5
1.631,22.344,5
1.632,23.461,6
1.633,20.109,6
1.634,33.516,5
1.635,27.930,6
1.636,20.109,5
1.637,39.102,6
1.638,20.109,6
1.639,33.516,4
1.640,50.832,6
1.641,15.641,6
1.642,58.094,5
1.643,36.867,6
1.644,13.406,5
1.645,76.527,6
1.646,13.406,6
1.647,91.609,5
1.648,91.609,5
1.649,8.938,6
1.650,111.719,5
1.651,59.211,6
1.652,4.469,5
1.653,124.566,6
1.654,4.469,6
1.655,131.828,5
1.656,74.852,6
1.657,4.469,5
1.658,166.461,6
1.659,4.469,5
1.660,4.469,5
1.661,186.012,6
1.662,4.469,6
1.663,198.859,5
1.664,102.781,6
1.665,13.406,5
1.666,216.176,6
1.667,15.641,6
1.668,120.656,4
1.669,231.816,6
1.670,20.109,6
1.671,239.078,5
1.672,135.180,6
1.673,24.578,5
1.674,260.305,6
1.675,31.281,6
1.676,263.656,5
1.677,263.656,5
1.678,42.453,6
1.679,260.305,6
1.680,51.391,5
1.681,55.859,5
1.682,258.629,6
1.683,59.770,6
1.684,259.188,5
1.685,169.254,6
1.686,78.203,5
1.687,262.539,6
1.688,91.609,6
1.689,179.867,4
1.690,263.656,6
1.691,111.719,6
1.692,250.250,5
1.693,186.012,6
1.694,129.594,5
1.695,250.250,6
1.696,138.531,6
1.697,250.250,5
1.698,252.484,5
1.699,172.047,6
1.700,251.367,5
1.701,221.203,6
1.702,189.922,5
1.703,250.250,6
1.704,202.211,6
1.705,250.250,5
1.706,231.258,6
1.707,236.285,6
1.708,249.691,8
1.709,232.375,5
1.710,242.430,6
1.711,248.016,5
1.712,243.547,6
1.713,245.781,6
1.714,252.484,5
1.715,248.016,6
1.716,241.312,5
1.717,265.891,6
1.718,235.727,5
1.719,232.375,5
1.720,262.539,6
1.721,229.582,6
1.722,259.188,5
1.723,245.781,6
1.724,230.141,5
1.725,259.188,6
1.726,223.438,6
1.727,239.078,4
1.728,260.863,6
1.729,214.500,6
1.730,263.656,5
1.731,239.078,6
1.732,214.500,5
1.733,259.746,6
1.734,210.031,6
1.735,250.250,5
1.736,250.250,5
1.737,205.562,6
1.738,250.250,6
1.739,203.328,5
1.740,202.211,5
1.741,253.043,6
1.742,197.742,6
1.743,252.484,5
1.744,223.438,6
1.745,189.922,5
1.746,249.691,6
1.747,184.895,6
1.748,216.734,4
1.749,250.250,6
1.750,183.219,6
1.751,250.250,5
1.752,216.176,6
1.753,182.102,5
1.754,248.016,6
1.755,180.984,6
1.756,243.547,5
1.757,242.430,5
1.758,173.723,6
1.759,234.609,5
1.760,201.094,6
1.761,165.344,5
1.762,229.582,6
1.763,159.758,6
1.764,230.141,5
1.765,191.039,6
1.766,154.172,5
1.767,230.141,6
1.768,146.352,5
1.769,145.234,5
1.770,216.734,6
1.771,138.531,6
1.772,214.500,5
1.773,174.840,6
1.774,134.062,5
1.775,211.148,6
1.776,134.062,6
1.777,170.930,4
1.778,206.680,6
1.779,134.062,6
1.780,203.328,5
1.781,167.578,6
1.782,131.828,5
1.783,201.094,6
1.784,127.359,6
1.785,192.156,5
1.786,192.156,5
1.787,125.125,6
1.788,186.570,6
1.789,124.008,5
1.790,122.891,5
1.791,183.219,6
1.792,117.305,6
1.793,182.102,5
1.794,148.586,6
1.795,113.953,5
1.796,179.867,6
1.797,109.484,6
1.798,145.234,4
1.799,177.074,6
1.800,109.484,6
1.801,165.344,5
1.802,137.414,6
1.803,109.484,5
1.804,161.992,6
1.805,107.809,6
1.806,156.406,5
1.807,154.172,5
1.808,102.781,6
1.809,147.469,5
1.810,125.125,6
1.811,102.781,5
1.812,143.000,6
1.813,100.547,6
1.814,134.062,5
1.815,115.070,6
1.816,93.844,5
1.817,133.504,6
1.818,93.844,5
1.819,93.844,5
1.820,132.945,6
1.821,92.727,6
1.822,134.062,5
1.823,111.160,6
1.824,91.609,5
1.825,129.594,6
1.826,96.078,6
1.827,111.719,4
1.828,127.359,6
1.829,98.312,6
1.830,122.891,5
1.831,110.043,6
1.832,96.078,5
1.833,120.098,6
1.834,93.844,6
1.835,116.188,5
1.836,113.953,5
1.837,90.492,6
1.838,108.926,6
1.839,89.375,5
1.840,89.375,5
1.841,108.926,6
1.842,87.141,6
1.843,109.484,5
1.844,97.754,6
1.845,87.141,5
1.846,109.484,6
1.847,84.906,6
1.848,94.961,4
1.849,102.781,6
1.850,87.141,6
1.851,102.781,5
1.852,93.844,6
1.853,84.906,5
1.854,102.781,6
1.855,84.906,6
1.856,96.078,5
1.857,94.961,5
1.858,84.906,6
1.859,92.727,5
1.860,88.816,6
1.861,84.906,5
1.862,93.844,6
1.863,84.906,6
1.864,91.609,5
1.865,88.258,6
1.866,84.906,5
1.867,91.609,6
1.868,87.141,5
1.869,87.141,5
1.870,93.844,6
1.871,86.023,6
1.872,96.078,5
1.873,91.051,6
1.874,84.906,5
1.875,94.961,6
1.876,84.906,6
1.877,89.375,4
1.878,91.609,6
1.879,83.789,6
1.880,89.375,5
1.881,84.348,6
1.882,80.438,5
1.883,87.141,6
1.884,78.203,6
1.885,86.023,5
1.886,86.023,5
1.887,75.969,6
1.888,85.465,6
1.889,75.969,5
1.890,75.969,5
1.891,84.906,6
1.892,75.969,6
1.893,83.789,5
1.894,78.762,6
1.895,72.617,5
1.896,84.906,6
1.897,69.266,6
1.898,69.266,4
1.899,84.906,6
1.900,64.797,6
1.901,84.906,5
1.902,74.852,6
1.903,64.797,5
1.904,83.789,6
1.905,63.680,6
1.906,82.672,5
1.907,81.555,5
1.908,61.445,6
1.909,81.555,5
1.910,70.383,6
1.911,58.094,5
1.912,85.465,6
1.913,55.859,6
1.914,84.906,5
1.915,68.707,6
1.916,53.625,5
1.917,83.789,6
1.918,51.391,5
1.919,49.156,5
1.920,83.789,7
1.921,49.156,6
1.922,79.879,6
1.923,46.922,5
1.924,62.562,6
1.925,77.086,5
1.926,44.688,6
1.927,74.852,5
1.928,74.852,5
1.929,40.219,6
1.930,75.410,6
1.931,40.219,5
1.932,56.977,6
1.933,75.969,5
1.934,40.219,6
1.935,73.734,6
1.936,55.301,4
1.937,37.984,6
1.938,60.328,6
1.939,37.984,5
1.940,45.805,6
1.941,53.625,5
1.942,37.984,6
1.943,64.238,6
1.944,37.984,5
1.945,37.984,5
1.946,62.562,6
1.947,37.984,6
1.948,60.328,5
1.949,60.328,5
1.950,37.984,6
1.951,58.094,6
1.952,37.984,5
1.953,46.922,6
1.954,55.859,5
1.955,37.984,6
1.956,53.625,6
1.957,44.129,4
1.958,37.984,6
1.959,49.156,6
1.960,40.219,5
1.961,44.688,6
1.962,49.156,5
1.963,40.219,6
1.964,47.480,6
1.965,40.219,5
1.966,40.219,5
1.967,44.129,6
1.968,42.453,5
1.969,41.336,6
1.970,42.453,5
1.971,42.453,6
1.972,39.102,6
1.973,41.336,5
1.974,40.777,6
1.975,37.984,5
1.976,44.688,6
1.977,37.984,5
1.978,37.984,5
1.979,43.570,6
1.980,37.984,6
1.981,43.570,5
1.982,41.336,6
1.983,37.984,5
1.984,46.922,6
1.985,37.984,6
1.986,42.453,4
1.987,49.156,6
1.988,37.984,6
1.989,51.391,5
1.990,44.688,6
1.991,37.984,5
1.992,50.273,6
1.993,37.984,6
1.994,51.391,5
1.995,51.391,5
1.996,37.984,6
1.997,55.859,6
1.998,37.984,5
1.999,37.984,5
2.000,57.535,6
2.001,37.984,6
2.002,58.094,5
2.003,48.598,6
2.004,40.219,5
2.005,59.211,6
2.006,40.219,6
2.007,50.273,4
2.008,60.328,6
2.009,41.336,6
2.010,59.211,5
2.011,51.391,6
2.012,42.453,5
2.013,60.328,6
2.014,42.453,6
2.015,62.562,5
2.016,62.562,5
2.017,44.688,6
2.018,63.680,5
2.019,54.742,6
2.020,44.688,5
2.021,70.383,6
2.022,44.688,6
2.023,72.617,5
2.024,60.328,6
2.025,46.922,5
2.026,71.500,6
2.027,49.156,5
2.028,51.391,5
2.029,70.383,6
2.030,51.391,6
2.031,71.500,5
2.032,62.562,6
2.033,51.391,5
2.034,76.527,6
2.035,51.391,6
2.036,65.914,4
2.037,80.438,6
2.038,55.859,6
2.039,80.438,5
2.040,68.707,6
2.041,58.094,5
2.042,78.203,6
2.043,58.094,6
2.044,78.203,5
2.045,78.203,5
2.046,60.328,6
2.047,78.762,6
2.048,60.328,5
2.049,60.328,5
2.050,81.555,6
2.051,60.328,6
2.052,80.438,5
2.053,70.383,6
2.054,62.562,5
2.055,78.203,6
2.056,62.562,6
2.057,71.500,4
2.058,77.645,6
2.059,64.797,6
2.060,80.438,5
2.061,75.969,6
2.062,73.734,5
2.063,84.906,6
2.064,73.734,6
2.065,84.906,5
2.066,84.906,5
2.067,73.734,6
2.068,82.672,5
2.069,76.527,6
2.070,71.500,5
2.071,79.320,6
2.072,75.969,6
2.073,78.203,5
2.074,78.203,6
2.075,78.203,5
2.076,80.438,6
2.077,80.438,5
2.078,80.438,5
2.079,80.438,6
2.080,80.438,6
2.081,78.203,5
2.082,78.762,6
2.083,78.203,5
2.084,78.203,6
2.085,78.203,6
2.086,78.203,4
2.087,75.969,6
2.088,78.203,6
2.089,75.969,5
2.090,77.645,6
2.091,80.438,5
2.092,73.734,6
2.093,80.438,6
2.094,73.734,5
2.095,73.734,5
2.096,79.320,6
2.097,73.734,6
2.098,78.203,5
2.099,77.086,5
2.100,73.734,6
2.101,79.320,6
2.102,73.734,5
2.103,77.086,6
2.104,82.672,5
2.105,69.266,6
2.106,84.906,6
2.107,77.086,4
2.108,68.148,6
2.109,83.230,6
2.110,67.031,5
2.111,74.293,6
2.112,80.438,5
2.113,67.031,6
2.114,77.645,6
2.115,67.031,5
2.116,64.797,5
2.117,78.203,6
2.118,62.562,5
2.119,71.500,6
2.120,80.438,5
2.121,60.328,6
2.122,79.320,6
2.123,58.094,5
2.124,68.148,6
2.125,75.969,5
2.126,58.094,6
2.127,75.969,5
2.128,74.852,5
2.129,55.859,6
2.130,75.969,6
2.131,55.859,5
2.132,64.797,6
2.133,72.617,5
2.134,55.859,7
2.135,72.617,6
2.136,53.625,5
2.137,52.508,5
2.138,73.734,6
2.139,55.859,6
2.140,72.617,5
2.141,63.680,6
2.142,55.859,5
2.143,71.500,6
2.144,53.625,6
2.145,61.445,4
2.146,69.266,6
2.147,49.156,6
2.148,69.266,5
2.149,59.211,6
2.150,49.156,5
2.151,65.355,6
2.152,48.039,6
2.153,67.031,5
2.154,63.680,5
2.155,44.688,6
2.156,64.797,6
2.157,44.688,5
2.158,44.688,5
2.159,62.004,6
2.160,42.453,6
2.161,60.328,5
2.162,50.832,6
2.163,42.453,5
2.164,58.094,6
2.165,42.453,6
2.166,49.715,4
2.167,58.094,6
2.168,44.688,6
2.169,55.859,5
2.170,50.273,6
2.171,44.688,5
2.172,55.301,6
2.173,42.453,6
2.174,55.859,5
2.175,54.742,5
2.176,39.660,6
2.177,52.508,5
2.178,45.805,6
2.179,37.984,5
2.180,50.832,6
2.181,39.660,6
2.182,53.625,5
2.183,52.508,5
2.184,39.102,6
2.185,55.859,6
2.186,37.984,5
2.187,37.984,5
2.188,50.832,6
2.189,37.984,6
2.190,48.039,5
2.191,43.012,6
2.192,37.984,5
2.193,49.156,6
2.194,35.750,6
2.195,41.336,4
2.196,45.246,6
2.197,35.750,6
2.198,43.570,5
2.199,39.660,6
2.200,35.750,5
2.201,44.688,6
2.202,35.750,6
2.203,41.336,5
2.204,41.336,5
2.205,33.516,6
2.206,41.336,6
2.207,33.516,5
2.208,33.516,5
2.209,42.453,6
2.210,33.516,6
2.211,42.453,5
2.212,39.102,6
2.213,33.516,5
2.214,42.453,6
2.215,33.516,6
2.216,37.984,4
2.217,40.219,6
2.218,33.516,6
2.219,37.984,5
2.220,35.191,6
2.221,33.516,5
2.222,37.984,6
2.223,33.516,6
2.224,37.984,5
2.225,37.984,5
2.226,33.516,6
2.227,36.867,5
2.228,35.750,6
2.229,33.516,5
2.230,37.984,6
2.231,33.516,6
2.232,37.984,5
2.233,37.984,5
2.234,31.281,6
2.235,35.750,6
2.236,31.281,5
2.237,31.281,5
2.238,35.750,6
2.239,33.516,6
2.240,34.633,5
2.241,34.633,6
2.242,33.516,5
2.243,35.750,6
2.244,33.516,6
2.245,34.074,4
2.246,35.750,6
2.247,31.281,6
2.248,33.516,5
2.249,32.398,6
2.250,31.281,5
2.251,33.516,6
2.252,31.281,6
2.253,33.516,5
2.254,33.516,5
2.255,33.516,6
2.256,33.516,6
2.257,33.516,5
2.258,31.281,5
2.259,33.516,6
2.260,31.281,6
2.261,32.398,5
2.262,32.398,6
2.263,31.281,5
2.264,32.398,6
2.265,30.164,6
2.266,31.281,4
2.267,33.516,6
2.268,29.047,6
2.269,32.398,5
2.270,31.840,6
2.271,31.281,5
2.272,32.957,6
2.273,31.281,6
2.274,31.281,5
2.275,31.281,5
2.276,28.488,6
2.277,30.164,5
2.278,29.605,6
2.279,29.047,5
2.280,30.723,6
2.281,29.047,6
2.282,31.281,5
2.283,33.516,5
2.284,31.281,6
2.285,33.516,6
2.286,31.281,5
2.287,31.281,5
2.288,32.957,6
2.289,31.281,6
2.290,31.281,5
2.291,31.281,6
2.292,31.281,5
2.293,31.281,6
2.294,31.281,6
2.295,31.281,4
2.296,31.281,6
2.297,31.281,6
2.298,31.281,5
2.299,31.281,6
2.300,31.281,5
2.301,31.281,6
2.302,31.281,6
2.303,31.281,5
2.304,31.281,5
2.305,31.281,6
2.306,31.281,6
2.307,31.281,5
2.308,31.281,5
2.309,29.047,6
2.310,31.281,6
2.311,29.047,5
2.312,30.164,6
2.313,30.164,5
2.314,30.164,6
2.315,29.047,6
2.316,29.047,4
2.317,29.047,6
2.318,29.047,6
2.319,29.047,5
2.320,29.047,6
2.321,29.047,5
2.322,27.930,6
2.323,29.047,6
2.324,29.047,5
2.325,29.047,5
2.326,29.047,6
2.327,31.281,5
2.328,29.605,6
2.329,29.047,5
2.330,31.281,6
2.331,29.047,6
2.332,30.164,5
2.333,31.281,5
2.334,29.047,6
2.335,31.281,6
2.336,26.812,5
2.337,26.812,5
2.338,31.281,6
2.339,26.812,6
2.340,31.281,5
2.341,29.047,6
2.342,26.812,5
2.343,31.281,6
2.344,26.812,6
2.345,28.488,4
2.346,31.281,6
2.347,26.812,7
2.348,31.281,7
2.349,29.047,6
2.350,29.047,6
2.351,31.281,5
2.352,26.812,6
2.353,31.281,6
2.354,29.047,4
2.355,26.812,6
2.356,30.164,6
2.357,26.812,5
2.358,27.371,6
2.359,29.047,5
2.360,26.812,6
2.361,27.371,6
2.362,26.812,5
2.363,26.812,5
2.364,28.488,6
2.365,24.578,6
2.366,29.047,5
2.367,29.047,5
2.368,24.578,6
2.369,26.254,6
2.370,24.578,5
2.371,26.254,6
2.372,27.930,5
2.373,24.578,6
2.374,29.047,6
2.375,27.930,4
2.376,26.812,6
2.377,26.812,6
2.378,26.812,5
2.379,26.812,6
2.380,26.812,5
2.381,24.578,6
2.382,26.812,6
2.383,25.695,4
2.384,24.578,6
2.385,26.812,6
2.386,24.578,5
2.387,25.695,6
2.388,26.812,5
2.389,24.578,6
2.390,26.812,6
2.391,24.578,5
2.392,24.578,5
2.393,26.812,6
2.394,24.578,6
2.395,26.812,5
2.396,26.812,5
2.397,24.578,6
2.398,26.812,6
2.399,24.578,5
2.400,25.695,6
2.401,26.812,5
2.402,24.578,6
2.403,26.254,6
2.404,24.578,4
2.405,24.578,6
2.406,24.578,6
2.407,24.578,5
2.408,24.578,6
2.409,24.578,5
2.410,24.578,6
2.411,24.578,6
2.412,24.578,5
2.413,24.578,5
2.414,24.578,6
2.415,24.578,6
2.416,24.578,5
2.417,23.461,5
2.418,24.578,6
2.419,26.812,6
2.420,24.578,5
2.421,24.578,6
2.422,24.578,5
2.423,24.578,6
2.424,24.578,6
2.425,24.020,4
2.426,24.020,6
2.427,24.578,6
2.428,24.578,5
2.429,24.578,6
2.430,24.578,5
2.431,24.578,6
2.432,24.578,6
2.433,24.578,4
2.434,24.578,6
2.435,24.578,6
2.436,24.578,5
2.437,24.578,6
2.438,24.578,5
2.439,24.578,6
2.440,24.578,6
2.441,24.578,5
2.442,24.578,5
2.443,24.578,6
2.444,24.578,6
2.445,24.578,5
2.446,24.578,5
2.447,24.578,6
2.448,24.578,6
2.449,24.578,5
2.450,24.578,6
2.451,24.578,5
2.452,25.137,6
2.453,24.578,6
2.454,25.137,4
2.455,24.578,6
2.456,24.578,6
2.457,24.578,5
2.458,24.578,6
2.459,24.578,5
2.460,26.812,6
2.461,21.785,6
2.462,24.578,5
2.463,24.578,5
2.464,24.578,6
2.465,24.578,6
2.466,24.578,5
2.467,24.578,5
2.468,25.137,6
2.469,24.578,6
2.470,24.578,5
2.471,24.578,6
2.472,24.578,5
2.473,24.578,6
2.474,24.578,6
2.475,24.578,4
2.476,26.812,6
2.477,24.578,6
2.478,26.812,5
2.479,25.137,6
2.480,24.578,5
2.481,26.812,6
2.482,24.578,6
2.483,25.695,4
2.484,26.812,6
2.485,24.578,6
2.486,26.812,5
2.487,25.695,6
2.488,24.578,5
2.489,26.254,6
2.490,24.578,6
2.491,26.812,5
2.492,26.812,5
2.493,26.812,6
2.494,26.812,6
2.495,25.695,5
2.496,26.812,5
2.497,26.812,6
2.498,24.578,6
2.499,25.695,5
2.500,26.812,6
2.501,26.812,5
2.502,26.812,6
2.503,26.812,6
2.504,26.812,4
2.505,29.047,6
2.506,24.578,6
2.507,29.047,5
2.508,29.047,6
2.509,26.812,5
2.510,30.723,6
2.511,26.812,6
2.512,31.281,5
2.513,31.281,5
2.514,24.578,6
2.515,30.723,6
2.516,26.812,5
2.517,26.812,5
2.518,31.281,6
2.519,26.812,6
2.520,31.281,5
2.521,29.047,6
2.522,26.812,5
2.523,29.047,6
2.524,26.812,6
2.525,27.930,4
2.526,26.812,6
2.527,26.812,6
2.528,26.812,5
2.529,26.812,6
2.530,26.812,5
2.531,26.254,6
2.532,26.812,6
2.533,26.812,4
2.534,26.812,6
2.535,25.695,6
2.536,24.578,5
2.537,25.695,6
2.538,25.695,5
2.539,21.227,6
2.540,26.812,6
2.541,20.109,5
2.542,20.109,5
2.543,26.812,6
2.544,20.109,6
2.545,25.695,5
2.546,27.930,5
2.547,20.109,6
2.548,29.047,6
2.549,20.109,5
2.550,25.695,6
2.551,30.164,5
2.552,20.109,6
2.553,31.281,6
2.554,25.695,4
2.555,20.109,6
2.556,30.723,6
2.557,17.875,5
2.558,24.578,6
2.559,31.281,5
2.560,17.875,7
2.561,30.164,7
2.562,20.109,7
2.563,25.137,4
2.564,30.723,6
2.565,17.316,6
2.566,26.812,5
2.567,22.344,6
2.568,17.875,5
2.569,26.812,6
2.570,17.875,6
2.571,25.695,5
2.572,26.812,5
2.573,17.875,6
2.574,26.812,6
2.575,17.875,5
2.576,17.875,5
2.577,24.578,6
2.578,17.875,6
2.579,20.109,5
2.580,18.434,6
2.581,15.641,5
2.582,18.992,6
2.583,14.523,5
2.584,13.406,5
2.585,18.992,6
2.586,13.406,6
2.587,18.992,5
2.588,18.992,6
2.589,17.875,5
2.590,20.109,6
2.591,17.875,6
2.592,18.992,4
2.593,18.992,6
2.594,17.875,6
2.595,20.109,5
2.596,18.992,6
2.597,17.875,5
2.598,18.992,6
2.599,17.875,6
2.600,17.875,5
2.601,17.875,5
2.602,17.875,6
2.603,17.875,6
2.604,17.875,5
2.605,17.875,5
2.606,17.875,6
2.607,17.875,6
2.608,17.875,5
2.609,17.875,6
2.610,17.875,5
2.611,17.875,6
2.612,17.875,6
2.613,17.875,4
2.614,17.875,6
2.615,17.875,6
2.616,17.875,5
2.617,16.758,6
2.618,15.641,5
2.619,17.316,6
2.620,11.172,6
2.621,17.875,5
2.622,17.875,5
2.623,6.145,6
2.624,14.523,6
2.625,11.172,5
2.626,13.406,5
2.627,13.406,6
2.628,16.758,6
2.629,13.406,5
2.630,16.758,6
2.631,17.875,5
2.632,17.875,6
2.633,17.875,5
2.634,17.875,5
2.635,16.758,6
2.636,17.875,6
2.637,17.875,5
2.638,17.316,6
2.639,17.875,5
2.640,17.316,6
2.641,17.875,6
2.642,17.316,4
2.643,17.316,6
2.644,17.875,6
2.645,17.875,5
2.646,17.316,6
2.647,17.875,5
2.648,17.875,6
2.649,17.875,6
2.650,17.875,5
2.651,17.875,5
2.652,17.875,6
2.653,17.875,6
2.654,15.641,5
2.655,15.641,5
2.656,17.316,6
2.657,15.641,6
2.658,16.758,5
2.659,15.641,6
2.660,15.641,5
2.661,11.172,6
2.662,6.145,6
2.663,6.703,4
2.664,6.145,6
2.665,4.469,6
2.666,6.703,5
2.667,5.586,6
2.668,8.938,5
2.669,12.848,6
2.670,16.199,6
2.671,17.875,5
2.672,17.875,5
2.673,18.992,6
2.674,17.875,6
2.675,20.109,5
2.676,18.992,5
2.677,17.875,6
2.678,24.578,6
2.679,17.875,5
2.680,21.227,6
2.681,26.812,5
2.682,17.875,6
2.683,31.281,5
2.684,36.867,5
2.685,17.875,6
2.686,45.805,6
2.687,17.875,5
2.688,35.750,6
2.689,53.625,5
2.690,17.875,6
2.691,67.031,6
2.692,46.922,4
2.693,17.875,6
2.694,84.906,6
2.695,17.875,5
2.696,54.742,6
2.697,100.547,5
2.698,14.523,6
2.699,109.484,6
2.700,15.641,5
2.701,15.641,5
2.702,130.711,6
2.703,13.965,6
2.704,140.766,5
2.705,140.766,5
2.706,6.703,6
2.707,156.406,6
2.708,7.820,5
2.709,90.492,6
2.710,183.219,5
2.711,13.965,6
2.712,198.859,6
2.713,109.484,4
2.714,17.875,6
2.715,212.266,6
2.716,20.109,5
2.717,121.773,6
2.718,223.438,5
2.719,22.344,6
2.720,232.375,6
2.721,24.578,5
2.722,24.578,5
2.723,239.078,6
2.724,28.488,6
2.725,245.781,5
2.726,248.016,5
2.727,41.336,6
2.728,250.809,6
2.729,49.156,5
2.730,156.406,6
2.731,256.953,5
2.732,67.031,6
2.733,261.422,5
2.734,261.422,5
2.735,79.320,6
2.736,255.836,6
2.737,99.430,5
2.738,177.633,6
2.739,253.602,5
2.740,105.574,6
2.741,256.953,6
2.742,184.336,4
2.743,121.773,6
2.744,250.250,6
2.745,136.297,5
2.746,196.066,6
2.747,249.133,5
2.748,151.938,6
2.749,253.602,6
2.750,174.281,5
2.751,174.281,5
2.752,244.664,6
2.753,191.039,6
2.754,242.430,5
2.755,239.078,5
2.756,205.004,6
2.757,239.078,6
2.758,218.969,5
2.759,232.934,6
2.760,236.844,5
2.761,230.141,6
2.762,235.727,6
2.763,234.609,4
2.764,236.844,6
2.765,240.195,6
2.766,245.781,5
2.767,246.340,6
2.768,248.016,5
2.769,248.016,6
2.770,245.223,6
2.771,250.250,5
2.772,252.484,5
2.773,236.844,6
2.774,259.746,8
2.775,242.430,6
2.776,242.988,6
2.777,256.953,5
2.778,220.086,6
2.779,254.719,6
2.780,216.734,5
2.781,212.266,5
2.782,255.277,6
2.783,207.797,5
2.784,227.906,6
2.785,249.133,5
2.786,207.797,6
2.787,250.809,6
2.788,207.797,5
2.789,230.141,6
2.790,254.719,5
2.791,207.797,6
2.792,251.367,5
2.793,248.016,5
2.794,201.094,6
2.795,243.547,6
2.796,198.859,5
2.797,216.176,6
2.798,239.078,5
2.799,183.219,6
2.800,238.520,6
2.801,203.887,4
2.802,169.812,6
2.803,237.961,6
2.804,169.812,5
2.805,202.770,6
2.806,236.844,5
2.807,172.047,6
2.808,244.664,6
2.809,172.047,5
2.810,172.047,5
2.811,245.781,6
2.812,168.695,6
2.813,234.609,5
2.814,234.609,5
2.815,159.199,6
2.816,229.582,6
2.817,154.172,5
2.818,188.246,6
2.819,218.969,5
2.820,151.379,6
2.821,214.500,6
2.822,179.867,4
2.823,149.145,6
2.824,205.562,6
2.825,149.703,5
2.826,177.633,6
2.827,205.562,5
2.828,148.586,6
2.829,207.238,6
2.830,143.000,5
2.831,143.000,5
2.832,206.121,6
2.833,143.000,5
2.834,173.164,6
2.835,201.094,5
2.836,138.531,6
2.837,196.066,6
2.838,136.297,5
2.839,158.641,6
2.840,178.750,5
2.841,132.945,6
2.842,169.812,5
2.843,169.812,5
2.844,128.477,6
2.845,169.812,6
2.846,122.891,5
2.847,146.352,6
2.848,169.812,5
2.849,118.422,6
2.850,172.047,6
2.851,145.234,4
2.852,116.188,6
2.853,167.578,6
2.854,116.188,5
2.855,137.414,6
2.856,158.641,5
2.857,113.953,6
2.858,155.289,6
2.859,111.719,5
2.860,111.719,5
2.861,152.496,6
2.862,109.484,6
2.863,149.703,5
2.864,147.469,5
2.865,109.484,6
2.866,146.910,6
2.867,111.719,5
2.868,130.711,6
2.869,149.703,5
2.870,111.719,6
2.871,144.117,6
2.872,125.125,4
2.873,105.016,6
2.874,141.883,6
2.875,96.078,5
2.876,118.422,6
2.877,137.414,5
2.878,94.961,6
2.879,135.180,6
2.880,100.547,5
2.881,102.781,5
2.882,134.062,6
2.883,102.781,5
2.884,115.629,6
2.885,127.359,5
2.886,105.016,6
2.887,120.656,6
2.888,105.016,5
2.889,111.719,6
2.890,118.422,5
2.891,105.016,6
2.892,118.422,5
2.893,116.188,5
2.894,105.016,6
2.895,116.188,6
2.896,105.016,5
2.897,109.484,6
2.898,113.953,5
2.899,102.781,6
2.900,111.160,6
2.901,107.250,4
2.902,102.781,6
2.903,110.602,6
2.904,105.016,5
2.905,107.250,6
2.906,108.367,5
2.907,105.016,6
2.908,109.484,6
2.909,105.016,5
2.910,105.016,5
2.911,111.719,6
2.912,105.016,6
2.913,105.016,5
2.914,105.016,5
2.915,103.898,6
2.916,99.988,6
2.917,100.547,5
2.918,98.312,6
2.919,93.844,5
2.920,100.547,6
2.921,98.312,6
2.922,99.988,4
2.923,99.988,6
2.924,101.105,6
2.925,100.547,5
2.926,102.781,6
2.927,102.781,5
2.928,102.781,6
2.929,105.016,6
2.930,102.781,5
2.931,102.781,5
2.932,105.016,6
2.933,102.781,5
2.934,103.898,6
2.935,105.016,5
2.936,100.547,6
2.937,104.457,6
2.938,98.312,5
2.939,99.430,6
2.940,102.781,5
2.941,96.078,6
2.942,102.781,5
2.943,102.781,5
2.944,96.078,6
2.945,102.781,6
2.946,96.078,5
2.947,99.430,6
2.948,103.898,5
2.949,91.609,6
2.950,104.457,6
2.951,97.195,4
2.952,89.375,6
2.953,105.016,6
2.954,89.375,5
2.955,96.637,6
2.956,105.016,5
2.957,88.258,6
2.958,101.664,6
2.959,84.906,5
2.960,83.789,5
2.961,100.547,6
2.962,75.969,6
2.963,100.547,5
2.964,100.547,5
2.965,75.969,6
2.966,100.547,6
2.967,75.969,5
2.968,88.258,6
2.969,100.547,5
2.970,71.500,6
2.971,102.781,6
2.972,84.906,4
2.973,67.031,6
2.974,101.664,6
2.975,64.797,5
2.976,82.113,6
2.977,98.312,5
2.978,64.797,6
2.979,96.078,6
2.980,60.328,5
2.981,53.625,5
2.982,95.520,6
2.983,53.625,5
2.984,73.734,6
2.985,96.078,5
2.986,51.391,6
2.987,93.844,7
2.988,51.391,7
2.989,91.609,5
2.990,89.375,5
2.991,48.039,6
2.992,89.375,5
2.993,68.148,6
2.994,46.922,5
2.995,89.375,6
2.996,46.922,6
2.997,87.141,5
2.998,65.914,6
2.999,44.688,5
3.000,82.672,6
3.001,44.688,5
3.002,44.688,5
3.003,75.969,6
3.004,44.688,6
3.005,74.852,5
3.006,59.211,6
3.007,42.453,5
3.008,75.969,6
3.009,42.453,6
3.010,58.094,4
3.011,71.500,6
3.012,40.219,6
3.013,65.914,5
3.014,53.066,6
3.015,40.219,5
3.016,64.238,6
3.017,39.102,6
3.018,63.680,5
3.019,60.328,5
3.020,37.984,6
3.021,59.770,6
3.022,37.984,5
3.023,37.984,5
3.024,51.391,6
3.025,37.984,6
3.026,51.391,5
3.027,45.805,6
3.028,40.219,5
3.029,51.391,6
3.030,42.453,6
3.031,45.246,4
3.032,49.156,6
3.033,46.922,6
3.034,46.922,5
3.035,46.922,6
3.036,46.922,5
3.037,46.922,6
3.038,46.922,6
3.039,46.922,5
3.040,44.688,5
3.041,44.688,6
3.042,44.688,5
3.043,44.688,6
3.044,45.805,5
3.045,44.688,6
3.046,45.805,6
3.047,44.688,5
3.048,45.246,6
3.049,46.922,5
3.050,42.453,6
3.051,51.391,5
3.052,51.391,5
3.053,42.453,6
3.054,53.625,6
3.055,40.219,5
3.056,46.363,6
3.057,53.625,5
3.058,40.219,6
3.059,55.301,6
3.060,46.922,4
3.061,37.984,6
3.062,55.859,6
3.063,37.984,5
3.064,46.922,6
3.065,55.859,5
3.066,37.984,6
3.067,58.094,6
3.068,37.984,5
3.069,37.984,5
3.070,60.328,6
3.071,40.219,6
3.072,62.562,5
3.073,62.562,5
3.074,41.336,6
3.075,62.562,6
3.076,46.922,5
3.077,54.742,6
3.078,62.562,5
3.079,46.922,6
3.080,64.238,6
3.081,55.859,4
3.082,46.922,6
3.083,64.797,6
3.084,44.688,5
3.085,54.742,6
3.086,64.797,5
3.087,46.922,6
3.088,66.473,6
3.089,46.922,5
3.090,46.922,5
3.091,69.266,6
3.092,49.156,5
3.093,61.445,6
3.094,70.383,5
3.095,53.066,6
3.096,73.176,6
3.097,53.625,5
3.098,63.680,6
3.099,73.734,5
3.100,55.301,6
3.101,73.734,5
3.102,72.617,5
3.103,55.859,6
3.104,77.086,6
3.105,55.859,5
3.106,65.914,6
3.107,75.969,5
3.108,58.094,6
3.109,75.969,6
3.110,67.031,4
3.111,58.094,6
3.112,75.410,6
3.113,62.562,5
3.114,69.266,6
3.115,74.852,5
3.116,62.562,6
3.117,76.527,6
3.118,62.562,5
3.119,62.562,5
3.120,78.203,6
3.121,64.238,6
3.122,75.969,5
3.123,74.852,5
3.124,64.797,6
3.125,75.410,6
3.126,64.797,5
3.127,71.500,6
3.128,78.203,5
3.129,67.031,6
3.130,78.203,6
3.131,72.617,4
3.132,69.266,6
3.133,77.645,6
3.134,69.266,5
3.135,74.852,6
3.136,77.086,5
3.137,71.500,6
3.138,74.852,6
3.139,73.734,5
3.140,73.734,5
3.141,73.734,6
3.142,73.734,5
3.143,73.734,6
3.144,73.734,5
3.145,74.293,6
3.146,77.086,6
3.147,78.203,5
3.148,77.086,6
3.149,78.203,5
3.150,77.086,6
3.151,75.969,5
3.152,75.969,5
3.153,75.969,6
3.154,75.969,6
3.155,75.969,5
3.156,74.293,6
3.157,73.734,5
3.158,75.969,6
3.159,69.824,6
3.160,72.617,4
3.161,78.203,6
3.162,69.266,6
3.163,78.203,5
3.164,72.059,6
3.165,69.266,5
3.166,75.969,6
3.167,67.031,6
3.168,74.852,5
3.169,74.852,5
3.170,65.914,6
3.171,77.645,6
3.172,69.266,5
3.173,69.266,5
3.174,77.645,6
3.175,69.266,6
3.176,78.203,5
3.177,72.617,6
3.178,67.031,5
3.179,77.645,6
3.180,64.797,6
3.181,69.266,4
3.182,73.734,6
3.183,62.562,6
3.184,72.617,5
3.185,66.473,6
3.186,60.328,5
3.187,73.176,6
3.188,62.562,6
3.189,75.969,5
3.190,78.203,5
3.191,62.562,6
3.192,78.203,5
3.193,69.266,6
3.194,60.328,5
3.195,75.969,6
3.196,56.977,6
3.197,73.734,5
3.198,65.914,6
3.199,58.094,5
3.200,69.266,7
3.201,58.094,5
3.202,63.680,6
3.203,69.266,5
3.204,58.094,6
3.205,69.266,6
3.206,55.859,5
3.207,61.445,6
3.208,64.797,5
3.209,51.391,6
3.210,64.797,5
3.211,64.797,5
3.212,51.391,6
3.213,65.355,6
3.214,51.391,5
3.215,59.211,6
3.216,69.266,5
3.217,49.156,6
3.218,68.148,6
3.219,57.535,4
3.220,49.156,6
3.221,63.680,6
3.222,49.156,5
3.223,55.301,6
3.224,60.328,5
3.225,46.922,6
3.226,60.328,6
3.227,46.922,5
3.228,46.922,5
3.229,60.328,6
3.230,46.922,6
3.231,62.562,5
3.232,62.562,5
3.233,43.570,6
3.234,60.328,6
3.235,40.219,5
3.236,47.480,6
3.237,54.742,5
3.238,40.219,6
3.239,55.301,6
3.240,48.039,4
3.241,42.453,6
3.242,58.094,6
3.243,42.453,5
3.244,49.156,6
3.245,56.977,5
3.246,38.543,6
3.247,55.301,6
3.248,37.984,5
3.249,37.984,5
3.250,51.391,6
3.251,37.984,5
3.252,44.688,6
3.253,51.391,5
3.254,37.984,6
3.255,49.156,6
3.256,37.984,5
3.257,42.453,6
3.258,49.156,5
3.259,34.633,6
3.260,49.156,5
3.261,48.039,5
3.262,33.516,6
3.263,48.039,6
3.264,33.516,5
3.265,40.219,6
3.266,46.922,5
3.267,33.516,6
3.268,46.922,6
3.269,40.219,4
3.270,33.516,6
3.271,45.805,6
3.272,33.516,5
3.273,36.867,6
3.274,42.453,5
3.275,31.281,6
3.276,40.219,6
3.277,31.281,5
3.278,31.281,5
3.279,39.660,6
3.280,31.281,6
3.281,40.219,5
3.282,39.102,5
3.283,32.398,6
3.284,39.660,6
3.285,33.516,5
3.286,35.750,6
3.287,36.867,5
3.288,33.516,6
3.289,37.984,6
3.290,35.191,4
3.291,33.516,6
3.292,37.984,6
3.293,33.516,5
3.294,35.750,6
3.295,37.984,5
3.296,33.516,6
3.297,35.750,6
3.298,35.750,5
3.299,35.750,5
3.300,35.750,6
3.301,34.633,5
3.302,34.633,6
3.303,33.516,5
3.304,33.516,6
3.305,33.516,6
3.306,33.516,5
3.307,33.516,6
3.308,33.516,5
3.309,33.516,6
3.310,33.516,5
3.311,33.516,5
3.312,33.516,6
3.313,33.516,6
3.314,31.281,5
3.315,31.281,6
3.316,31.281,5
3.317,31.281,6
3.318,31.281,6
3.319,31.281,4
3.320,31.281,6
3.321,31.281,6
3.322,30.164,5
3.323,31.281,6
3.324,31.281,5
3.325,31.281,6
3.326,32.398,6
3.327,31.281,5
3.328,31.281,5
3.329,32.957,6
3.330,31.281,6
3.331,32.398,5
3.332,33.516,5
3.333,31.281,6
3.334,31.281,6
3.335,31.281,5
3.336,30.723,6
3.337,33.516,5
3.338,29.047,6
3.339,33.516,6
3.340,32.398,4
3.341,31.281,6
3.342,35.191,6
3.343,31.281,5
3.344,34.633,6
3.345,35.750,5
3.346,33.516,6
3.347,33.516,6
3.348,33.516,5
3.349,33.516,5
3.350,33.516,6
3.351,33.516,5
3.352,32.957,6
3.353,31.281,5
3.354,31.281,6
3.355,31.281,6
3.356,31.281,5
3.357,31.281,6
3.358,31.281,5
3.359,30.164,6
3.360,31.281,5
3.361,30.164,5
3.362,29.047,6
3.363,31.281,6
3.364,29.047,5
3.365,30.164,6
3.366,31.281,5
3.367,27.930,6
3.368,30.723,6
3.369,29.605,4
3.370,30.164,6
3.371,31.281,6
3.372,31.281,5
3.373,31.281,6
3.374,31.281,5
3.375,30.164,6
3.376,30.164,6
3.377,29.047,5
3.378,29.047,5
3.379,29.047,6
3.380,29.047,6
3.381,29.047,5
3.382,29.047,5
3.383,28.488,6
3.384,31.281,6
3.385,29.047,5
3.386,29.047,6
3.387,31.281,5
3.388,26.812,6
3.389,33.516,6
3.390,31.281,4
3.391,29.047,6
3.392,32.957,6
3.393,29.047,5
3.394,30.164,6
3.395,30.164,5
3.396,29.047,6
3.397,31.281,6
3.398,29.047,5
3.399,29.047,5
3.400,29.047,6
3.401,29.047,5
3.402,29.047,6
3.403,29.047,5
3.404,29.047,6
3.405,29.047,6
3.406,29.047,5
3.407,27.930,6
3.408,26.812,5
3.409,26.812,6
3.410,26.812,5
3.411,26.812,5
3.412,26.812,6
3.413,30.164,6
3.414,26.812,7
3.415,31.281,5
3.416,30.164,6
3.417,29.047,5
3.418,29.047,6
3.419,29.047,5
3.420,29.047,5
3.421,29.047,6
3.422,30.164,6
3.423,29.047,5
3.424,30.164,6
3.425,31.281,5
3.426,29.047,6
3.427,29.047,6
3.428,27.371,4
3.429,26.812,6
3.430,28.488,6
3.431,29.047,5
3.432,29.047,6
3.433,29.047,5
3.434,29.047,6
3.435,29.047,6
3.436,29.047,5
3.437,29.047,5
3.438,29.047,6
3.439,29.047,6
3.440,29.047,5
3.441,29.047,5
3.442,29.047,6
3.443,29.047,6
3.444,29.047,5
3.445,29.047,6
3.446,26.812,5
3.447,29.047,6
3.448,26.812,6
3.449,27.930,4
3.450,27.371,6
3.451,26.812,6
3.452,26.812,5
3.453,26.812,6
3.454,26.812,5
3.455,26.812,6
3.456,26.812,6
3.457,26.812,5
3.458,26.812,5
3.459,26.812,6
3.460,26.812,5
3.461,26.812,6
3.462,26.812,5
3.463,29.605,6
3.464,29.047,6
3.465,31.281,5
3.466,29.605,6
3.467,29.047,5
3.468,30.723,6
3.469,29.047,5
3.470,29.047,5
3.471,29.047,6
3.472,29.047,6
3.473,29.047,5
3.474,29.047,6
3.475,29.047,5
3.476,29.047,6
3.477,29.047,6
3.478,28.488,4
3.479,27.371,6
3.480,26.812,6
3.481,26.812,5
3.482,27.371,6
3.483,26.812,5
3.484,29.047,6
3.485,26.812,6
3.486,29.047,5
3.487,29.047,5
3.488,26.812,6
3.489,26.812,6
3.490,26.812,5
3.491,26.812,5
3.492,26.812,6
3.493,26.812,6
3.494,26.812,5
3.495,26.812,6
3.496,26.812,5
3.497,26.812,6
3.498,26.812,6
3.499,26.254,4
3.500,26.812,6
3.501,26.254,6
3.502,26.812,5
3.503,26.812,6
3.504,26.812,5
3.505,26.812,6
3.506,25.695,6
3.507,29.047,5
3.508,29.047,5
3.509,24.578,6
3.510,29.047,5
3.511,26.812,6
3.512,24.578,5
3.513,27.930,6
3.514,24.578,6
3.515,26.812,5
3.516,25.695,6
3.517,24.578,5
3.518,29.047,6
3.519,26.812,5
3.520,26.812,5
3.521,27.371,6
3.522,26.812,6
3.523,26.812,5
3.524,25.695,6
3.525,24.578,5
3.526,26.812,6
3.527,24.578,6
3.528,25.695,4
3.529,26.812,6
3.530,24.578,6
3.531,26.812,5
3.532,25.695,6
3.533,24.578,5
3.534,25.695,6
3.535,24.578,6
3.536,26.812,5
3.537,26.812,5
3.538,26.812,6
3.539,26.812,6
3.540,26.812,5
3.541,26.812,5
3.542,26.812,6
3.543,26.812,6
3.544,26.812,5
3.545,26.812,6
3.546,26.812,5
3.547,26.812,6
3.548,26.812,6
3.549,26.812,4
3.550,24.578,6
3.551,26.812,6
3.552,24.578,5
3.553,25.695,6
3.554,25.695,5
3.555,24.578,6
3.556,25.137,6
3.557,24.578,5
3.558,24.578,5
3.559,26.812,6
3.560,24.578,5
3.561,25.137,6
3.562,26.812,5
3.563,26.812,6
3.564,26.812,6
3.565,26.812,5
3.566,26.812,6
3.567,26.812,5
3.568,24.578,6
3.569,24.578,5
3.570,24.578,5
3.571,24.578,6
3.572,24.578,6
3.573,24.578,5
3.574,24.578,6
3.575,24.578,5
3.576,24.578,6
3.577,24.578,6
3.578,24.578,4
3.579,25.695,6
3.580,25.137,6
3.581,26.812,5
3.582,25.137,6
3.583,24.578,5
3.584,26.254,6
3.585,24.578,6
3.586,26.812,5
3.587,26.812,5
3.588,26.812,6
3.589,26.812,6
3.590,25.695,5
3.591,25.695,5
3.592,26.254,6
3.593,24.578,6
3.594,26.812,5
3.595,25.695,6
3.596,24.578,5
3.597,26.812,6
3.598,24.578,6
3.599,25.695,4
3.600,24.578,6
3.601,24.578,6
3.602,24.578,5
3.603,24.578,6
3.604,24.578,5
3.605,26.812,6
3.606,24.578,6
3.607,25.695,5
3.608,26.812,5
3.609,24.578,6
3.610,24.578,5
3.611,24.578,6
3.612,24.578,5
3.613,24.578,6
3.614,23.461,6
3.615,24.578,5
3.616,24.578,6
3.617,24.578,5
3.618,24.578,6
3.619,24.578,5
3.620,24.578,5
3.621,24.578,6
3.622,24.578,6
3.623,24.578,5
3.624,24.578,6
3.625,24.578,5
3.626,24.578,6
3.627,24.578,7
3.628,24.578,5
3.629,24.578,5
3.630,24.578,6
3.631,25.695,6
3.632,24.578,5
3.633,24.578,6
3.634,24.578,5
3.635,24.578,6
3.636,24.578,6
3.637,24.578,4
3.638,24.578,6
3.639,24.578,6
3.640,22.344,5
3.641,23.461,6
3.642,24.578,5
3.643,22.344,6
3.644,24.578,6
3.645,22.344,5
3.646,22.344,5
3.647,24.578,6
3.648,22.344,6
3.649,24.578,5
3.650,24.578,5
3.651,22.344,6
3.652,24.578,6
3.653,22.344,5
3.654,22.344,6
3.655,22.344,5
3.656,22.344,6
3.657,22.344,6
3.658,22.344,4
3.659,22.344,6
3.660,24.020,6
3.661,22.344,5
3.662,22.902,6
3.663,24.578,5
3.664,22.344,6
3.665,24.578,6
3.666,24.578,5
3.667,24.578,5
3.668,24.578,6
3.669,24.578,5
3.670,24.578,6
3.671,24.578,5
3.672,24.578,6
3.673,24.578,6
3.674,24.578,5
3.675,24.578,5
3.676,24.578,6
3.677,24.578,6
3.678,24.578,5
3.679,24.578,5
3.680,24.578,6
3.681,22.344,6
3.682,22.344,5
3.683,22.344,6
3.684,22.344,5
3.685,22.344,6
3.686,22.344,6
3.687,22.344,4
3.688,22.344,6
3.689,22.344,6
3.690,22.344,5
3.691,21.785,6
3.692,22.344,5
3.693,20.109,6
3.694,21.785,6
3.695,20.109,5
3.696,20.109,5
3.697,22.344,6
3.698,20.109,6
3.699,22.344,5
3.700,22.344,5
3.701,20.109,6
3.702,21.785,6
3.703,20.109,5
3.704,21.227,6
3.705,21.227,5
3.706,20.109,6
3.707,22.344,6
3.708,21.785,4
3.709,20.109,6
3.710,24.020,6
3.711,20.109,5
3.712,21.785,6
3.713,23.461,5
3.714,17.875,6
3.715,24.020,6
3.716,17.875,5
3.717,17.875,5
3.718,24.578,6
3.719,14.523,5
3.720,17.875,6
3.721,24.578,5
3.722,13.406,6
3.723,22.344,6
3.724,17.875,5
3.725,17.875,5
3.726,22.344,6
3.727,17.875,6
3.728,22.344,5
3.729,22.344,5
3.730,17.875,6
3.731,20.668,6
3.732,17.875,5
3.733,18.992,6
3.734,20.109,5
3.735,15.082,6
3.736,20.109,6
3.737,17.875,4
3.738,15.641,6
3.739,20.109,6
3.740,15.641,5
3.741,17.875,6
3.742,20.109,5
3.743,17.875,6
3.744,19.551,6
3.745,17.875,5
3.746,17.875,5
3.747,19.551,6
3.748,17.875,6
3.749,18.992,5
3.750,18.992,5
3.751,17.875,6
3.752,19.551,6
3.753,17.875,5
3.754,17.875,6
3.755,17.875,5
3.756,17.875,6
3.757,17.875,6
3.758,17.316,4
3.759,17.316,6
3.760,15.641,6
3.761,13.406,5
3.762,12.289,6
3.763,11.172,5
3.764,13.406,6
3.765,14.523,6
3.766,15.641,5
3.767,15.641,5
3.768,17.316,6
3.769,17.875,5
3.770,17.875,6
3.771,17.875,5
3.772,17.875,6
3.773,17.875,6
3.774,17.875,5
3.775,17.875,5
3.776,15.641,6
3.777,13.406,6
3.778,15.641,5
3.779,15.641,5
3.780,15.641,6
3.781,14.523,6
3.782,15.641,5
3.783,15.641,6
3.784,17.875,5
3.785,17.875,6
3.786,17.875,6
3.787,17.875,4
3.788,17.875,6
3.789,17.875,6
3.790,17.875,5
3.791,17.875,6
3.792,17.875,5
3.793,17.875,6
3.794,17.875,6
3.795,15.641,5
3.796,15.641,5
3.797,16.758,6
3.798,8.938,6
3.799,17.875,5
3.800,17.875,5
3.801,6.703,6
3.802,15.641,6
3.803,6.703,5
3.804,12.289,6
3.805,13.406,5
3.806,15.082,6
3.807,14.523,6
3.808,15.641,4
3.809,15.641,6
3.810,17.875,6
3.811,15.641,5
3.812,16.199,6
3.813,16.758,5
3.814,16.758,6
3.815,17.875,6
3.816,16.758,5
3.817,17.875,5
3.818,16.199,6
3.819,17.875,5
3.820,15.641,6
3.821,13.406,5
3.822,17.316,6
3.823,16.758,6
3.824,17.875,5
3.825,17.875,5
3.826,17.875,6
3.827,17.875,6
3.828,17.875,5
3.829,17.875,5
3.830,15.641,6
3.831,17.316,6
3.832,15.641,5
3.833,16.758,6
3.834,17.875,5
3.835,17.875,6
3.836,17.875,6
3.837,16.199,4
3.838,16.758,6
3.839,13.406,6
3.840,16.758,6
3.841,11.730,6
3.842,12.289,6
3.843,16.758,5
3.844,4.469,6
3.845,17.875,6
3.846,15.082,4
3.847,15.641,6
3.848,16.199,6
3.849,15.641,5
3.850,15.641,6
3.851,15.641,5
3.852,15.641,6
3.853,13.965,6
3.854,14.523,5
3.855,14.523,5
3.856,8.938,6
3.857,16.758,6
3.858,4.469,5
3.859,4.469,5
3.860,17.316,6
3.861,4.469,6
3.862,16.758,5
3.863,11.172,6
3.864,4.469,5
3.865,17.875,6
3.866,4.469,6
3.867,11.172,4
3.868,17.316,6
3.869,4.469,6
3.870,14.523,5
3.871,10.055,6
3.872,4.469,5
3.873,14.523,6
3.874,4.469,6
3.875,8.938,4
3.876,14.523,6
3.877,4.469,6
3.878,17.875,5
3.879,10.613,6
3.880,4.469,5
3.881,17.875,6
3.882,4.469,6
3.883,16.758,5
3.884,17.875,5
3.885,4.469,6
3.886,17.875,6
3.887,4.469,5
3.888,4.469,5
3.889,17.875,6
3.890,11.172,6
3.891,15.641,5
3.892,13.406,6
3.893,11.172,5
3.894,15.082,6
3.895,11.172,6
3.896,13.406,4
3.897,13.406,6
3.898,12.848,6
3.899,8.938,5
3.900,6.703,6
3.901,6.703,5
3.902,4.469,6
3.903,4.469,6
3.904,4.469,5
3.905,4.469,5
3.906,20.109,6
3.907,4.469,6
3.908,24.578,5
3.909,27.930,5
3.910,4.469,6
3.911,33.516,6
3.912,4.469,5
3.913,21.227,6
3.914,37.984,5
3.915,4.469,6
3.916,46.922,6
3.917,27.930,4
3.918,4.469,6
3.919,58.094,6
3.920,4.469,5
3.921,33.516,6
3.922,73.734,5
3.923,4.469,6
3.924,85.465,6
3.925,46.363,4
3.926,4.469,6
3.927,110.602,6
3.928,4.469,5
3.929,65.914,6
3.930,127.359,5
3.931,4.469,6
3.932,147.469,6
3.933,11.172,5
3.934,11.172,5
3.935,172.047,6
3.936,11.172,6
3.937,183.219,5
3.938,189.922,5
3.939,12.289,6
3.940,204.445,6
3.941,13.406,5
3.942,116.746,6
3.943,217.852,5
3.944,8.938,6
3.945,239.078,6
3.946,130.711,4
3.947,20.109,6
3.948,261.422,6
3.949,26.812,5
3.950,145.234,6
3.951,256.953,5
3.952,32.398,6
3.953,255.836,6
3.954,35.750,5
3.955,40.219,5
3.956,254.160,6
3.957,44.688,6
3.958,261.422,5
3.959,261.422,5
3.960,53.625,6
3.961,267.008,6
3.962,69.266,5
3.963,168.695,6
3.964,270.359,5
3.965,80.438,6
3.966,273.711,6
3.967,183.219,4
3.968,99.430,6
3.969,265.332,6
3.970,120.656,5
3.971,197.742,6
3.972,263.656,5
3.973,140.766,6
3.974,260.305,6
3.975,204.445,4
3.976,163.109,6
3.977,259.188,6
3.978,185.453,5
3.979,221.762,6
3.980,258.070,5
3.981,198.859,6
3.982,256.953,6
3.983,212.266,5
3.984,223.438,5
3.985,256.395,6
3.986,227.906,6
3.987,256.953,5
3.988,255.836,5
3.989,254.719,6
3.990,255.836,6
3.991,261.422,5
3.992,258.070,6
3.993,245.781,5
3.994,261.422,6
3.995,233.492,6
3.996,241.312,4
3.997,254.160,6
3.998,221.203,6
3.999,252.484,5
4.000,241.312,6
4.001,227.906,5
4.002,262.539,6
4.003,225.672,6
4.004,267.008,5
4.005,268.125,5
4.006,222.320,6
4.007,270.359,6
4.008,225.672,5
4.009,225.672,5
4.010,273.711,6
4.011,222.320,6
4.012,265.891,5
4.013,237.961,6
4.014,211.148,5
4.015,263.656,6
4.016,205.004,6
4.017,232.375,4
4.018,259.188,6
4.019,198.859,6
4.020,259.188,5
4.021,226.789,6
4.022,192.156,5
4.023,260.305,6
4.024,189.363,6
4.025,223.438,4
4.026,256.953,6
4.027,194.391,6
4.028,256.953,5
4.029,225.672,6
4.030,194.391,5
4.031,256.953,6
4.032,194.391,6
4.033,252.484,5
4.034,252.484,5
4.035,185.453,6
4.036,240.195,6
4.037,183.219,5
4.038,180.984,5
4.039,221.762,6
4.040,170.930,6
4.041,220.086,5
4.042,194.391,6
4.043,167.578,5
4.044,223.438,6
4.045,158.082,6
4.046,191.039,4
4.047,223.438,6
4.048,156.406,6
4.049,221.203,5
4.050,188.805,6
4.051,151.938,5
4.052,222.320,6
4.053,149.703,6
4.054,205.562,7
4.055,205.562,6
4.056,151.938,6
4.057,204.445,6
4.058,149.703,5
4.059,174.281,6
4.060,194.391,5
4.061,144.676,6
4.062,192.156,6
4.063,140.766,5
4.064,138.531,5
4.065,187.688,6
4.066,136.297,6
4.067,187.688,5
4.068,187.688,5
4.069,132.945,6
4.070,194.391,6
4.071,129.594,5
4.072,161.992,6
4.073,189.922,5
4.074,122.891,6
4.075,185.453,5
4.076,182.102,5
4.077,118.422,6
4.078,180.426,6
4.079,118.422,5
4.080,145.234,6
4.081,172.047,5
4.082,116.188,6
4.083,164.785,6
4.084,139.648,4
4.085,115.070,6
4.086,158.641,6
4.087,111.719,5
4.088,134.062,6
4.089,156.406,5
4.090,109.484,6
4.091,156.406,6
4.092,109.484,5
4.093,108.367,5
4.094,149.703,6
4.095,108.367,6
4.096,148.586,5
4.097,149.703,5
4.098,106.133,6
4.099,149.703,6
4.100,105.016,5
4.101,125.125,6
4.102,140.766,5
4.103,105.016,6
4.104,138.531,6
4.105,121.773,4
4.106,105.016,6
4.107,135.738,6
4.108,102.781,5
4.109,116.188,6
4.110,131.828,5
4.111,99.430,6
4.112,128.477,6
4.113,98.312,5
4.114,98.312,5
4.115,122.891,6
4.116,93.844,6
4.117,120.656,5
4.118,118.422,5
4.119,97.195,6
4.120,118.422,6
4.121,98.312,5
4.122,106.691,6
4.123,116.188,5
4.124,95.520,6
4.125,115.070,5
4.126,116.188,5
4.127,98.312,6
4.128,110.602,6
4.129,98.312,5
4.130,103.340,6
4.131,109.484,5
4.132,96.078,6
4.133,109.484,6
4.134,102.223,4
4.135,96.078,6
4.136,106.691,6
4.137,96.078,5
4.138,100.547,6
4.139,105.016,5
4.140,96.078,6
4.141,105.016,6
4.142,96.078,5
4.143,96.078,5
4.144,105.016,6
4.145,96.078,6
4.146,105.016,5
4.147,102.781,5
4.148,93.844,6
4.149,99.988,6
4.150,93.844,5
4.151,97.195,6
4.152,99.430,5
4.153,92.168,6
4.154,97.754,6
4.155,95.520,4
4.156,93.844,6
4.157,93.844,6
4.158,91.609,5
4.159,92.727,6
4.160,93.844,5
4.161,91.609,6
4.162,97.195,6
4.163,91.609,5
4.164,89.375,5
4.165,96.078,6
4.166,86.023,6
4.167,93.844,5
4.168,93.844,5
4.169,84.906,6
4.170,96.078,6
4.171,84.906,5
4.172,90.492,6
4.173,94.961,5
4.174,84.906,6
4.175,96.078,5
4.176,94.961,5
4.177,82.672,6
4.178,96.078,6
4.179,80.438,5
4.180,87.141,6
4.181,94.961,5
4.182,75.969,6
4.183,96.078,6
4.184,84.348,4
4.185,72.059,6
4.186,94.402,6
4.187,71.500,5
4.188,82.113,6
4.189,93.844,5
4.190,69.266,6
4.191,93.844,6
4.192,67.031,5
4.193,67.031,5
4.194,93.844,6
4.195,63.680,6
4.196,90.492,5
4.197,90.492,5
4.198,61.445,6
4.199,91.609,6
4.200,58.094,5
4.201,74.293,6
4.202,91.609,5
4.203,58.094,6
4.204,89.375,6
4.205,72.617,4
4.206,58.094,6
4.207,84.906,6
4.208,55.859,5
4.209,68.148,6
4.210,84.906,5
4.211,48.039,6
4.212,84.906,6
4.213,46.922,5
4.214,46.922,5
4.215,84.906,6
4.216,45.805,6
4.217,81.555,5
4.218,80.438,5
4.219,49.156,6
4.220,78.203,6
4.221,48.039,5
4.222,59.770,6
4.223,75.969,5
4.224,44.688,6
4.225,73.734,5
4.226,73.734,5
4.227,44.688,6
4.228,70.383,6
4.229,42.453,5
4.230,55.301,6
4.231,67.031,5
4.232,42.453,6
4.233,67.031,6
4.234,52.508,4
4.235,40.219,6
4.236,62.562,6
4.237,42.453,5
4.238,52.508,6
4.239,60.328,5
4.240,44.688,6
4.241,56.977,6
4.242,44.688,5
4.243,44.688,5
4.244,58.094,6
4.245,42.453,6
4.246,58.094,5
4.247,55.859,5
4.248,44.129,6
4.249,53.066,6
4.250,44.688,5
4.251,45.805,6
4.252,46.922,5
4.253,46.922,6
4.254,46.922,6
4.255,45.805,4
4.256,46.363,6
4.257,45.805,6
4.258,46.922,5
4.259,46.922,6
4.260,46.922,5
4.261,46.922,6
4.262,46.922,6
4.263,46.922,5
4.264,45.805,5
4.265,44.688,6
4.266,46.363,6
4.267,45.805,6
4.268,49.156,7
4.269,49.156,6
4.270,43.570,6
4.271,54.184,6
4.272,42.453,5
4.273,42.453,5
4.274,55.859,6
4.275,42.453,5
4.276,48.039,6
4.277,54.742,5
4.278,42.453,6
4.279,58.094,6
4.280,44.688,5
4.281,51.949,6
4.282,60.328,5
4.283,44.688,6
4.284,60.328,5
4.285,61.445,5
4.286,44.688,6
4.287,61.445,6
4.288,42.453,5
4.289,54.742,6
4.290,64.797,5
4.291,44.688,6
4.292,67.031,6
4.293,56.977,4
4.294,46.922,6
4.295,68.148,6
4.296,46.922,5
4.297,59.211,6
4.298,71.500,5
4.299,46.922,6
4.300,72.059,6
4.301,46.922,5
4.302,46.922,5
4.303,73.734,6
4.304,46.922,6
4.305,74.852,5
4.306,74.852,5
4.307,48.039,6
4.308,75.969,6
4.309,48.039,5
4.310,62.562,6
4.311,75.969,5
4.312,52.508,6
4.313,78.762,6
4.314,68.148,4
4.315,55.859,6
4.316,82.672,6
4.317,55.859,5
4.318,70.383,6
4.319,82.672,5
4.320,58.094,6
4.321,81.555,6
4.322,60.328,5
4.323,60.328,5
4.324,84.906,6
4.325,60.328,5
4.326,72.059,6
4.327,84.906,5
4.328,62.562,6
4.329,82.672,6
4.330,62.562,5
4.331,73.734,6
4.332,82.672,5
4.333,67.031,6
4.334,83.789,5
4.335,84.906,5
4.336,69.266,6
4.337,86.582,6
4.338,71.500,5
4.339,79.320,6
4.340,87.141,5
4.341,71.500,6
4.342,87.141,6
4.343,79.320,4
4.344,73.734,6
4.345,84.906,6
4.346,75.969,5
4.347,79.320,6
4.348,82.672,5
4.349,75.969,6
4.350,82.672,6
4.351,75.969,5
4.352,75.969,5
4.353,82.113,6
4.354,78.203,6
4.355,84.906,5
4.356,84.906,5
4.357,81.555,6
4.358,84.906,6
4.359,82.672,5
4.360,82.672,6
4.361,82.672,5
4.362,82.672,6
4.363,82.672,6
4.364,82.672,4
4.365,83.789,6
4.366,80.438,6
4.367,84.906,5
4.368,83.230,6
4.369,82.672,5
4.370,84.906,6
4.371,80.438,6
4.372,82.672,5
4.373,82.672,5
4.374,75.969,6
4.375,81.555,5
4.376,78.762,6
4.377,75.969,5
4.378,84.906,6
4.379,78.203,6
4.380,87.141,5
4.381,82.672,6
4.382,78.203,5
4.383,87.141,6
4.384,75.969,5
4.385,78.203,5
4.386,84.906,6
4.387,80.438,6
4.388,84.906,5
4.389,82.113,6
4.390,80.438,5
4.391,82.672,6
4.392,78.203,6
4.393,80.438,4
4.394,81.555,6
4.395,73.734,6
4.396,81.555,5
4.397,77.086,6
4.398,71.500,5
4.399,84.906,6
4.400,71.500,6
4.401,83.789,5
4.402,84.906,5
4.403,70.383,6
4.404,84.348,6
4.405,69.266,5
4.406,69.266,5
4.407,82.113,6
4.408,70.383,6
4.409,80.438,5
4.410,74.852,6
4.411,69.266,5
4.412,80.996,6
4.413,65.914,6
4.414,71.500,4
4.415,76.527,6
4.416,62.562,6
4.417,75.969,5
4.418,68.707,6
4.419,62.562,5
4.420,75.410,6
4.421,60.328,6
4.422,77.086,5
4.423,78.203,5
4.424,58.094,6
4.425,75.969,5
4.426,67.031,6
4.427,58.094,5
4.428,75.969,6
4.429,58.094,6
4.430,75.969,5
4.431,67.031,6
4.432,55.859,5
4.433,80.438,6
4.434,53.625,5
4.435,53.625,5
4.436,75.969,6
4.437,54.742,6
4.438,71.500,5
4.439,62.562,6
4.440,53.625,5
4.441,70.383,6
4.442,53.625,6
4.443,62.562,4
4.444,70.383,6
4.445,52.508,6
4.446,69.266,5
4.447,59.770,6
4.448,51.391,5
4.449,68.707,6
4.450,49.156,6
4.451,69.266,5
4.452,69.266,5
4.453,45.805,6
4.454,68.148,6
4.455,46.922,5
4.456,46.922,5
4.457,63.121,6
4.458,46.922,6
4.459,62.562,5
4.460,54.742,6
4.461,46.922,5
4.462,62.562,6
4.463,44.688,6
4.464,52.508,4
4.465,57.535,6
4.466,44.688,6
4.467,58.094,5
4.468,51.391,6
4.469,42.453,5
4.470,56.977,6
4.471,40.219,6
4.472,56.977,5
4.473,54.742,5
4.474,49.156,6
4.475,53.625,5
4.476,53.625,6
4.477,53.625,5
4.478,53.625,6
4.479,58.652,6
4.480,53.625,6
4.481,52.508,7
4.482,47.480,6
4.483,53.625,6
4.484,40.219,5
4.485,44.688,6
4.486,51.391,5
4.487,37.984,6
4.488,51.391,6
4.489,37.984,5
4.490,44.688,6
4.491,46.922,5
4.492,35.750,6
4.493,46.922,5
4.494,44.688,5
4.495,37.984,6
4.496,44.688,6
4.497,37.984,5
4.498,41.895,6
4.499,46.922,5
4.500,37.984,6
4.501,45.805,6
4.502,40.219,4
4.503,35.750,6
4.504,44.129,6
4.505,35.750,5
4.506,40.219,6
4.507,44.688,5
4.508,37.984,6
4.509,42.453,6
4.510,37.984,5
4.511,37.984,5
4.512,40.219,6
4.513,36.867,6
4.514,40.219,5
4.515,39.102,5
4.516,35.191,6
4.517,42.453,6
4.518,35.750,5
4.519,48.039,6
4.520,60.328,5
4.521,35.191,6
4.522,44.129,6
4.523,37.426,4
4.524,36.867,6
4.525,37.984,6
4.526,37.984,5
4.527,37.984,6
4.528,37.984,5
4.529,35.750,6
4.530,37.984,6
4.531,35.750,5
4.532,35.750,5
4.533,35.750,6
4.534,35.750,5
4.535,35.750,6
4.536,35.750,5
4.537,37.984,6
4.538,37.984,6
4.539,37.984,5
4.540,37.984,6
4.541,37.984,5
4.542,35.750,6
4.543,35.750,5
4.544,35.750,5
4.545,35.750,6
4.546,35.750,6
4.547,35.750,5
4.548,35.750,6
4.549,37.984,5
4.550,37.984,6
4.551,37.984,6
4.552,37.984,4
4.553,36.867,6
4.554,35.750,6
4.555,35.750,5
4.556,35.750,6
4.557,35.750,5
4.558,35.750,6
4.559,35.191,6
4.560,35.750,5
4.561,35.750,5
4.562,35.750,6
4.563,35.750,6
4.564,35.750,5
4.565,35.750,5
4.566,35.750,6
4.567,36.309,6
4.568,36.867,5
4.569,36.867,6
4.570,35.750,5
4.571,37.984,6
4.572,35.750,6
4.573,35.750,4
4.574,35.750,6
4.575,35.750,6
4.576,35.750,5
4.577,35.750,6
4.578,35.750,5
4.579,35.750,6
4.580,37.984,6
4.581,35.750,5
4.582,35.750,5
4.583,35.750,6
4.584,35.750,5
4.585,35.750,6
4.586,35.750,5
4.587,35.750,6
4.588,35.750,6
4.589,35.750,5
4.590,35.750,6
4.591,37.984,5
4.592,35.750,6
4.593,34.633,5
4.594,35.750,5
4.595,35.750,6
4.596,35.750,6
4.597,34.633,5
4.598,34.633,6
4.599,35.750,5
4.600,31.840,6
4.601,35.750,6
4.602,34.633,4
4.603,33.516,6
4.604,35.750,6
4.605,33.516,5
4.606,34.633,6
4.607,35.750,5
4.608,31.281,6
4.609,35.191,6
4.610,29.047,5
4.611,29.047,5
4.612,37.984,6
4.613,31.281,6
4.614,35.750,5
4.615,35.750,5
4.616,31.281,6
4.617,35.191,6
4.618,31.281,5
4.619,33.516,6
4.620,34.633,5
4.621,33.516,6
4.622,35.750,6
4.623,34.633,4
4.624,33.516,6
4.625,35.191,6
4.626,33.516,5
4.627,34.633,6
4.628,35.750,5
4.629,32.398,6
4.630,35.750,6
4.631,31.281,5
4.632,31.281,5
4.633,35.191,6
4.634,29.047,5
4.635,32.398,6
4.636,35.750,5
4.637,29.047,6
4.638,32.957,6
4.639,29.047,5
4.640,29.605,6
4.641,31.281,5
4.642,29.047,6
4.643,31.281,5
4.644,31.281,5
4.645,29.047,6
4.646,32.398,6
4.647,31.281,5
4.648,31.281,6
4.649,31.281,5
4.650,31.281,6
4.651,29.605,6
4.652,30.164,4
4.653,31.281,6
4.654,29.047,6
4.655,31.281,5
4.656,31.281,6
4.657,31.281,5
4.658,30.164,6
4.659,31.281,6
4.660,29.047,5
4.661,27.930,5
4.662,31.281,6
4.663,29.047,6
4.664,31.281,5
4.665,33.516,5
4.666,30.164,6
4.667,33.516,6
4.668,31.281,5
4.669,31.840,6
4.670,32.398,5
4.671,31.281,6
4.672,31.281,6
4.673,31.281,4
4.674,31.281,6
4.675,29.047,6
4.676,31.281,5
4.677,30.164,6
4.678,29.047,5
4.679,30.723,6
4.680,29.047,6
4.681,31.281,5
4.682,31.281,5
4.683,29.047,6
4.684,31.281,5
4.685,29.047,6
4.686,29.047,5
4.687,29.047,6
4.688,29.047,6
4.689,29.047,5
4.690,30.164,6
4.691,30.164,5
4.692,29.047,6
4.693,31.281,5
4.694,29.047,7
4.695,29.047,5
4.696,31.281,6
4.697,31.281,6
4.698,31.281,5
4.699,31.281,6
4.700,31.281,5
4.701,29.047,6
4.702,30.164,5
4.703,29.047,5
4.704,29.047,6
4.705,29.047,6
4.706,29.047,5
4.707,29.047,6
4.708,29.047,5
4.709,30.164,6
4.710,29.047,6
4.711,30.164,4
4.712,30.723,6
4.713,29.047,6
4.714,30.164,5
4.715,28.488,6
4.716,26.812,5
4.717,31.281,6
4.718,26.812,6
4.719,31.281,5
4.720,30.164,5
4.721,29.047,6
4.722,30.164,6
4.723,29.047,5
4.724,29.047,5
4.725,30.164,6
4.726,29.047,6
4.727,29.047,5
4.728,29.047,6
4.729,26.812,5
4.730,28.488,6
4.731,26.812,6
4.732,27.371,4
4.733,29.047,6
4.734,26.812,6
4.735,29.047,5
4.736,27.930,6
4.737,26.812,5
4.738,27.930,6
4.739,26.812,6
4.740,29.047,5
4.741,29.047,5
4.742,26.812,6
4.743,31.281,5
4.744,29.047,6
4.745,26.812,5
4.746,30.164,6
4.747,26.812,6
4.748,27.930,5
4.749,28.488,6
4.750,29.047,5
4.751,29.047,6
4.752,29.047,5
4.753,29.047,5
4.754,28.488,6
4.755,26.812,6
4.756,26.812,5
4.757,26.812,6
4.758,26.812,5
4.759,26.812,6
4.760,26.812,6
4.761,26.812,4
4.762,26.812,6
4.763,25.695,6
4.764,26.812,5
4.765,26.812,6
4.766,26.812,5
4.767,27.930,6
4.768,26.812,6
4.769,29.047,5
4.770,27.930,5
4.771,24.578,6
4.772,26.812,6
4.773,24.578,5
4.774,24.578,5
4.775,26.812,6
4.776,24.578,6
4.777,26.812,5
4.778,25.695,6
4.779,24.578,5
4.780,26.812,6
4.781,25.695,6
4.782,26.812,4
4.783,26.812,6
4.784,26.254,6
4.785,26.812,5
4.786,25.695,6
4.787,24.578,5
4.788,25.695,6
4.789,24.578,6
4.790,26.812,5
4.791,26.812,5
4.792,26.812,6
4.793,26.812,5
4.794,26.812,6
4.795,26.812,5
4.796,29.047,6
4.797,25.137,6
4.798,26.812,5
4.799,26.812,6
4.800,26.812,5
4.801,26.812,6
4.802,26.812,5
4.803,26.812,5
4.804,26.812,6
4.805,26.812,6
4.806,25.695,5
4.807,25.695,6
4.808,26.812,5
4.809,26.812,6
4.810,26.812,6
4.811,26.812,4
4.812,26.254,6
4.813,24.578,6
4.814,24.578,5
4.815,24.578,6
4.816,24.578,5
4.817,24.578,6
4.818,24.578,6
4.819,24.578,5
4.820,24.578,5
4.821,25.695,6
4.822,24.578,6
4.823,26.812,5
4.824,25.695,5
4.825,26.812,6
4.826,26.812,6
4.827,26.812,5
4.828,26.812,6
4.829,26.812,5
4.830,24.578,6
4.831,26.812,6
4.832,25.137,4
4.833,25.695,6
4.834,26.812,6
4.835,26.812,5
4.836,26.812,6
4.837,26.812,5
4.838,25.695,6
4.839,26.812,6
4.840,26.812,5
4.841,26.812,5
4.842,26.812,6
4.843,26.812,5
4.844,26.812,6
4.845,29.047,5
4.846,26.812,6
4.847,28.488,6
4.848,26.812,5
4.849,26.812,6
4.850,26.812,5
4.851,26.812,6
4.852,29.047,5
4.853,29.047,5
4.854,26.812,6
4.855,28.488,6
4.856,26.812,5
4.857,27.930,6
4.858,26.812,5
4.859,24.578,6
4.860,26.812,6
4.861,25.695,4
4.862,24.578,6
4.863,26.812,6
4.864,26.812,5
4.865,26.812,6
4.866,26.812,5
4.867,26.812,6
4.868,26.812,6
4.869,26.812,5
4.870,26.812,5
4.871,26.812,6
4.872,26.812,6
4.873,26.812,5
4.874,26.812,5
4.875,26.812,6
4.876,26.812,6
4.877,26.812,5
4.878,24.578,6
4.879,24.578,5
4.880,24.578,6
4.881,24.578,6
4.882,25.695,4
4.883,26.812,6
4.884,24.578,6
4.885,25.695,5
4.886,25.137,6
4.887,22.344,5
4.888,26.254,6
4.889,20.668,6
4.890,29.047,5
4.891,27.930,5
4.892,20.109,6
4.893,25.695,5
4.894,23.461,6
4.895,20.109,5
4.896,27.371,6
4.897,20.109,6
4.898,29.047,5
4.899,24.578,6
4.900,20.109,5
4.901,27.371,6
4.902,20.109,5
4.903,20.109,5
4.904,26.254,6
4.905,18.992,6
4.906,26.812,5
4.907,26.812,7
4.908,22.344,6
4.909,26.812,5
4.910,17.875,6
4.911,26.812,5
4.912,26.812,5
4.913,11.172,6
4.914,26.812,6
4.915,13.406,5
4.916,19.551,6
4.917,25.695,5
4.918,12.289,6
4.919,24.578,6
4.920,15.641,4
4.921,6.703,6
4.922,24.578,6
4.923,15.641,5
4.924,19.551,6
4.925,23.461,5
4.926,18.992,6
4.927,21.785,6
4.928,22.344,5
4.929,22.344,5
4.930,22.344,6
4.931,25.137,6
4.932,20.109,5
4.933,20.109,5
4.934,29.605,6
4.935,20.109,6
4.936,33.516,5
4.937,26.812,6
4.938,20.109,5
4.939,40.219,6
4.940,20.109,6
4.941,33.516,4
4.942,50.832,6
4.943,20.109,6
4.944,55.859,5
4.945,40.777,6
4.946,20.109,5
4.947,70.941,6
4.948,17.875,6
4.949,80.438,5
4.950,80.438,5
4.951,16.758,6
4.952,92.727,5
4.953,54.742,6
4.954,13.406,5
4.955,116.188,6
4.956,13.406,6
4.957,127.359,5
4.958,74.852,6
4.959,13.406,5
4.960,146.352,6
4.961,11.172,5
4.962,10.055,5
4.963,160.875,6
4.964,11.172,6
4.965,174.281,5
4.966,96.078,6
4.967,20.109,5
4.968,194.391,6
4.969,22.344,6
4.970,113.953,4
4.971,211.707,6
4.972,24.578,6
4.973,216.734,5
4.974,126.242,6
4.975,31.281,5
4.976,223.438,6
4.977,34.633,6
4.978,224.555,5
4.979,225.672,5
4.980,41.895,6
4.981,229.582,6
4.982,46.922,5
4.983,53.625,5
4.984,231.258,6
4.985,57.535,6
4.986,230.141,5
4.987,149.703,6
4.988,71.500,5
4.989,231.258,6
4.990,81.555,6
4.991,163.109,4
4.992,242.988,6
4.993,92.168,6
4.994,243.547,5
4.995,176.516,6
4.996,122.891,5
4.997,243.547,6
4.998,129.594,6
4.999,245.781,5
5.000,246.898,5
5.001,147.469,6
5.002,245.781,5
5.003,204.445,6
5.004,165.344,5
5.005,234.609,6
5.006,175.957,6
5.007,232.375,5
5.008,212.266,6
5.009,196.625,5
5.010,234.609,6
5.011,207.797,5
5.012,212.266,5
5.013,234.051,6
5.014,221.203,6
5.015,234.609,5
5.016,228.465,6
5.017,223.438,5
5.018,227.906,6
5.019,225.672,6
5.020,225.672,4
5.021,220.645,6
5.022,227.906,6
5.023,221.203,5
5.024,225.672,6
5.025,232.375,5
5.026,227.348,6
5.027,230.141,6
5.028,227.906,5
5.029,225.672,5
5.030,230.141,6
5.031,221.203,6
5.032,233.492,5
5.033,234.609,5
5.034,216.734,6
5.035,245.781,6
5.036,214.500,5
5.037,229.023,6
5.038,243.547,5
5.039,210.031,6
5.040,244.664,6
5.041,226.230,4
5.042,202.770,6
5.043,247.457,6
5.044,198.859,5
5.045,218.969,6
5.046,240.195,5
5.047,193.273,6
5.048,232.934,6
5.049,187.688,5
5.050,187.688,5
5.051,232.375,6
5.052,187.688,5
5.053,211.148,6
5.054,234.609,5
5.055,187.688,6
5.056,234.609,6
5.057,185.453,5
5.058,207.797,6
5.059,232.375,5
5.060,174.281,6
5.061,218.969,5
5.062,217.852,5
5.063,166.461,6
5.064,216.176,6
5.065,163.109,5
5.066,190.480,6
5.067,221.203,5
5.068,160.875,6
5.069,226.789,6
5.070,191.039,4
5.071,158.641,6
5.072,218.969,6
5.073,156.406,5
5.074,183.777,6
5.075,214.500,5
5.076,149.703,6
5.077,213.941,6
5.078,147.469,5
5.079,147.469,5
5.080,207.797,6
5.081,143.000,6
5.082,203.328,5
5.083,201.094,5
5.084,134.062,6
5.085,198.859,6
5.086,131.828,5
5.087,161.992,6
5.088,192.156,5
5.089,134.062,6
5.090,187.688,6
5.091,160.875,4
5.092,134.062,6
5.093,187.688,6
5.094,134.062,5
5.095,160.875,6
5.096,187.688,5
5.097,129.594,6
5.098,185.453,6
5.099,129.594,5
5.100,127.359,5
5.101,173.164,6
5.102,116.188,5
5.103,140.766,6
5.104,165.344,5
5.105,116.188,6
5.106,161.992,6
5.107,116.188,5
5.108,138.531,6
5.109,158.641,5
5.110,116.188,6
5.111,156.406,5
5.112,156.406,5
5.113,115.629,6
5.114,156.406,6
5.115,116.188,5
5.116,131.828,6
5.117,147.469,5
5.118,116.188,6
5.119,147.469,6
5.120,131.828,4
5.121,117.305,6
5.122,143.000,6
5.123,115.629,6
5.124,137.414,5
5.125,124.008,6
5.126,116.188,5
5.127,130.711,6
5.128,111.719,6
5.129,121.773,4
5.130,131.828,6
5.131,111.719,6
5.132,134.062,5
5.133,122.891,6
5.134,111.719,5
5.135,131.828,6
5.136,110.602,6
5.137,129.594,5
5.138,129.594,5
5.139,109.484,6
5.140,129.594,6
5.141,107.250,5
5.142,107.250,5
5.143,116.188,6
5.144,106.133,6
5.145,116.188,5
5.146,111.719,6
5.147,107.250,5
5.148,115.629,6
5.149,107.250,6
5.150,111.160,4
5.151,116.188,6
5.152,109.484,6
5.153,115.070,5
5.154,112.836,6
5.155,109.484,5
5.156,115.070,6
5.157,107.250,6
5.158,115.070,5
5.159,116.188,5
5.160,101.664,6
5.161,116.188,5
5.162,111.719,6
5.163,107.250,5
5.164,115.629,6
5.165,107.250,6
5.166,116.188,5
5.167,115.070,5
5.168,104.457,6
5.169,113.395,6
5.170,102.781,5
5.171,102.781,5
5.172,111.160,6
5.173,100.547,6
5.174,111.719,5
5.175,106.133,6
5.176,100.547,5
5.177,110.602,6
5.178,102.781,6
5.179,105.016,4
5.180,108.926,6
5.181,101.664,6
5.182,108.367,5
5.183,105.016,6
5.184,102.781,5
5.185,104.457,6
5.186,102.781,6
5.187,105.016,5
5.188,105.016,5
5.189,102.781,6
5.190,107.250,6
5.191,100.547,5
5.192,100.547,5
5.193,107.250,6
5.194,100.547,6
5.195,107.250,5
5.196,102.223,6
5.197,98.312,5
5.198,108.926,6
5.199,96.078,6
5.200,98.871,4
5.201,102.781,6
5.202,87.141,6
5.203,102.781,5
5.204,93.844,6
5.205,87.141,5
5.206,102.781,6
5.207,83.789,6
5.208,107.250,5
5.209,105.016,5
5.210,82.672,6
5.211,102.781,5
5.212,92.727,6
5.213,82.672,5
5.214,100.547,6
5.215,79.879,6
5.216,99.430,5
5.217,100.547,5
5.218,75.969,6
5.219,100.547,6
5.220,73.734,5
5.221,71.500,5
5.222,102.781,6
5.223,68.148,6
5.224,100.547,5
5.225,83.789,6
5.226,67.031,5
5.227,101.664,6
5.228,67.031,6
5.229,83.789,4
5.230,102.781,6
5.231,62.562,6
5.232,100.547,5
5.233,80.438,6
5.234,58.094,5
5.235,99.988,6
5.236,56.977,6
5.237,98.312,5
5.238,98.312,5
5.239,53.625,6
5.240,96.078,6
5.241,52.508,5
5.242,52.508,5
5.243,89.375,6
5.244,51.391,6
5.245,86.023,5
5.246,68.707,6
5.247,49.156,5
5.248,85.465,6
5.249,48.039,6
5.250,64.797,4
5.251,82.672,6
5.252,44.688,6
5.253,82.672,5
5.254,63.680,6
5.255,44.688,5
5.256,82.113,6
5.257,44.688,6
5.258,75.969,5
5.259,75.969,5
5.260,44.688,6
5.261,73.734,5
5.262,59.211,6
5.263,40.219,5
5.264,69.266,6
5.265,40.219,6
5.266,67.031,5
5.267,67.031,5
5.268,40.219,6
5.269,66.473,6
5.270,42.453,5
5.271,42.453,5
5.272,64.238,6
5.273,43.570,6
5.274,59.211,5
5.275,52.508,6
5.276,44.688,5
5.277,58.652,6
5.278,44.688,6
5.279,50.273,4
5.280,54.742,6
5.281,44.688,6
5.282,52.508,5
5.283,49.156,6
5.284,46.922,5
5.285,51.391,6
5.286,46.922,6
5.287,50.273,5
5.288,51.391,5
5.289,46.922,6
5.290,48.598,6
5.291,44.688,5
5.292,44.688,5
5.293,45.805,6
5.294,44.688,6
5.295,44.688,5
5.296,44.688,6
5.297,44.688,5
5.298,44.688,6
5.299,49.156,6
5.300,48.039,4
5.301,44.688,6
5.302,51.391,6
5.303,44.688,5
5.304,47.480,6
5.305,51.391,5
5.306,40.219,6
5.307,49.156,6
5.308,40.219,5
5.309,40.219,5
5.310,51.949,6
5.311,40.219,5
5.312,48.039,6
5.313,55.859,5
5.314,42.453,6
5.315,56.977,6
5.316,42.453,5
5.317,42.453,5
5.318,58.094,6
5.319,44.688,6
5.320,60.328,5
5.321,62.562,5
5.322,44.688,6
5.323,63.121,6
5.324,44.688,5
5.325,54.742,6
5.326,64.797,5
5.327,46.922,6
5.328,67.031,6
5.329,59.211,4
5.330,46.922,6
5.331,69.824,6
5.332,46.922,5
5.333,58.094,6
5.334,46.922,7
5.335,44.688,5
5.336,68.148,6
5.337,45.805,6
5.338,58.094,4
5.339,70.941,6
5.340,50.273,6
5.341,75.969,5
5.342,63.680,6
5.343,53.625,5
5.344,75.969,6
5.345,53.625,6
5.346,74.852,5
5.347,74.852,5
5.348,51.391,6
5.349,75.969,6
5.350,53.625,5
5.351,53.625,5
5.352,72.617,6
5.353,56.977,6
5.354,73.734,5
5.355,65.355,6
5.356,58.094,5
5.357,75.969,6
5.358,58.094,6
5.359,69.266,4
5.360,78.203,6
5.361,62.562,6
5.362,78.203,5
5.363,71.500,6
5.364,63.680,5
5.365,81.555,6
5.366,65.355,6
5.367,74.852,4
5.368,82.113,6
5.369,68.148,6
5.370,82.672,5
5.371,77.086,6
5.372,71.500,5
5.373,81.555,6
5.374,71.500,6
5.375,83.789,5
5.376,82.672,5
5.377,69.266,6
5.378,82.672,6
5.379,71.500,5
5.380,71.500,5
5.381,81.555,6
5.382,75.969,6
5.383,82.672,5
5.384,78.762,6
5.385,75.969,5
5.386,81.555,6
5.387,75.969,6
5.388,78.203,4
5.389,80.438,6
5.390,75.969,6
5.391,80.438,5
5.392,77.645,6
5.393,75.969,5
5.394,80.438,6
5.395,73.176,6
5.396,78.203,5
5.397,77.086,5
5.398,76.527,6
5.399,78.203,6
5.400,77.086,5
5.401,78.203,5
5.402,78.203,6
5.403,77.645,6
5.404,77.086,5
5.405,76.527,6
5.406,77.086,5
5.407,75.969,6
5.408,82.113,6
5.409,79.320,4
5.410,74.852,6
5.411,82.113,6
5.412,73.734,5
5.413,78.203,6
5.414,82.672,5
5.415,73.734,6
5.416,82.672,6
5.417,78.203,4
5.418,71.500,6
5.419,82.672,6
5.420,71.500,5
5.421,75.969,6
5.422,82.672,5
5.423,69.266,6
5.424,82.672,6
5.425,69.266,5
5.426,69.266,5
5.427,82.113,6
5.428,67.031,6
5.429,82.672,5
5.430,80.438,5
5.431,64.797,6
5.432,80.438,6
5.433,64.797,5
5.434,72.617,6
5.435,80.438,5
5.436,64.797,6
5.437,79.320,6
5.438,70.941,4
5.439,63.121,6
5.440,78.203,6
5.441,62.562,5
5.442,70.383,6
5.443,78.203,5
5.444,60.328,6
5.445,77.645,6
5.446,58.094,5
5.447,60.328,5
5.448,75.410,6
5.449,59.211,6
5.450,73.734,5
5.451,73.734,5
5.452,56.418,6
5.453,73.176,6
5.454,55.859,5
5.455,64.797,6
5.456,73.734,5
5.457,55.859,6
5.458,71.500,6
5.459,62.562,4
5.460,53.625,6
5.461,68.707,6
5.462,53.625,5
5.463,61.445,6
5.464,69.266,5
5.465,53.066,6
5.466,69.266,6
5.467,62.562,4
5.468,53.625,6
5.469,65.914,6
5.470,51.391,5
5.471,57.535,6
5.472,63.680,5
5.473,49.156,6
5.474,64.238,6
5.475,49.156,5
5.476,49.156,5
5.477,64.797,6
5.478,48.039,6
5.479,63.680,5
5.480,63.680,5
5.481,44.129,6
5.482,60.887,6
5.483,42.453,5
5.484,51.391,6
5.485,58.094,5
5.486,42.453,6
5.487,58.094,6
5.488,50.273,4
5.489,42.453,6
5.490,58.652,6
5.491,42.453,5
5.492,49.156,6
5.493,55.859,5
5.494,40.219,6
5.495,55.859,6
5.496,40.219,5
5.497,40.219,5
5.498,54.184,6
5.499,40.219,6
5.500,53.625,5
5.501,53.625,5
5.502,37.984,6
5.503,53.625,6
5.504,37.984,5
5.505,43.012,6
5.506,51.391,5
5.507,35.750,6
5.508,53.625,6
5.509,44.688,4
5.510,35.750,6
5.511,52.508,6
5.512,35.750,5
5.513,41.895,6
5.514,48.039,5
5.515,35.750,6
5.516,49.156,6
5.517,41.336,4
5.518,33.516,6
5.519,46.922,6
5.520,33.516,5
5.521,37.426,6
5.522,41.336,5
5.523,33.516,6
5.524,41.336,6
5.525,33.516,5
5.526,33.516,5
5.527,41.895,6
5.528,33.516,6
5.529,42.453,5
5.530,42.453,5
5.531,33.516,6
5.532,41.895,6
5.533,33.516,5
5.534,36.309,6
5.535,39.102,5
5.536,33.516,6
5.537,39.660,6
5.538,36.867,4
5.539,33.516,6
5.540,38.543,6
5.541,33.516,5
5.542,35.750,6
5.543,37.984,5
5.544,33.516,6
5.545,35.750,6
5.546,31.281,5
5.547,34.633,6
5.548,35.750,7
5.549,33.516,7
5.550,35.750,5
5.551,34.074,6
5.552,33.516,5
5.553,35.750,6
5.554,33.516,6
5.555,34.633,5
5.556,33.516,5
5.557,33.516,6
5.558,33.516,6
5.559,33.516,5
5.560,33.516,5
5.561,33.516,6
5.562,33.516,6
5.563,33.516,5
5.564,33.516,6
5.565,33.516,5
5.566,33.516,6
5.567,33.516,5
5.568,33.516,5
5.569,33.516,6
5.570,35.191,6
5.571,33.516,5
5.572,34.633,6
5.573,34.633,5
5.574,33.516,6
5.575,35.750,6
5.576,34.074,4
5.577,33.516,6
5.578,34.633,6
5.579,33.516,5
5.580,34.633,6
5.581,34.633,5
5.582,33.516,6
5.583,35.750,6
5.584,33.516,5
5.585,33.516,5
5.586,33.516,6
5.587,31.840,6
5.588,34.633,5
5.589,34.633,5
5.590,33.516,6
5.591,35.750,6
5.592,33.516,5
5.593,34.633,6
5.594,33.516,5
5.595,33.516,6
5.596,33.516,6
5.597,32.957,4
5.598,33.516,6
5.599,33.516,6
5.600,33.516,5
5.601,33.516,6
5.602,33.516,5
5.603,33.516,6
5.604,33.516,6
5.605,33.516,5
5.606,33.516,5
5.607,33.516,6
5.608,33.516,6
5.609,33.516,5
5.610,33.516,5
5.611,33.516,6
5.612,33.516,6
5.613,35.750,5
5.614,34.633,6
5.615,33.516,5
5.616,35.750,6
5.617,33.516,5
5.618,33.516,5
5.619,35.191,6
5.620,31.281,6
5.621,35.750,5
5.622,33.516,6
5.623,31.281,5
5.624,35.191,6
5.625,33.516,6
5.626,34.074,4
5.627,34.074,6
5.628,33.516,6
5.629,33.516,5
5.630,32.398,6
5.631,31.281,5
5.632,35.191,6
5.633,31.281,6
5.634,35.750,5
5.635,35.750,5
5.636,31.281,6
5.637,32.957,6
5.638,31.281,5
5.639,31.281,5
5.640,32.398,6
5.641,31.281,6
5.642,33.516,5
5.643,32.398,6
5.644,33.516,5
5.645,33.516,6
5.646,33.516,6
5.647,33.516,4
5.648,33.516,6
5.649,33.516,6
5.650,33.516,5
5.651,33.516,6
5.652,31.281,5
5.653,32.957,6
5.654,31.281,6
5.655,33.516,5
5.656,33.516,5
5.657,30.164,6
5.658,32.957,6
5.659,29.047,5
5.660,29.047,5
5.661,31.281,6
5.662,30.723,6
5.663,31.281,5
5.664,31.281,6
5.665,31.281,5
5.666,31.281,6
5.667,31.281,5
5.668,31.281,5
5.669,31.281,6
5.670,28.488,6
5.671,33.516,5
5.672,30.164,6
5.673,29.047,5
5.674,31.281,6
5.675,31.281,6
5.676,31.281,4
5.677,31.281,6
5.678,31.281,6
5.679,31.281,5
5.680,31.281,6
5.681,31.281,5
5.682,30.723,6
5.683,31.281,6
5.684,31.281,5
5.685,31.281,5
5.686,31.281,6
5.687,32.398,6
5.688,31.281,5
5.689,31.281,5
5.690,32.398,6
5.691,29.047,6
5.692,30.164,5
5.693,30.164,6
5.694,29.047,5
5.695,30.723,6
5.696,29.047,6
5.697,30.164,4
5.698,31.281,6
5.699,29.047,6
5.700,29.047,5
5.701,29.047,6
5.702,26.812,5
5.703,29.047,6
5.704,26.812,6
5.705,29.047,5
5.706,27.930,5
5.707,27.930,6
5.708,30.164,6
5.709,29.047,5
5.710,31.281,5
5.711,31.281,6
5.712,31.281,6
5.713,29.047,5
5.714,28.488,6
5.715,29.047,5
5.716,29.047,6
5.717,29.047,5
5.718,29.047,5
5.719,31.281,6
5.720,26.812,6
5.721,30.164,5
5.722,29.047,6
5.723,26.812,5
5.724,31.281,6
5.725,25.695,6
5.726,27.930,4
5.727,30.723,6
5.728,24.578,6
5.729,31.281,5
5.730,31.281,6
5.731,31.281,5
5.732,30.164,6
5.733,32.398,6
5.734,29.047,5
5.735,29.047,5
5.736,30.164,6
5.737,29.047,6
5.738,26.812,5
5.739,26.812,5
5.740,29.047,6
5.741,26.812,6
5.742,29.047,5
5.743,26.812,6
5.744,26.812,5
5.745,26.812,6
5.746,26.812,6
5.747,26.812,4
5.748,26.812,6
5.749,26.812,6
5.750,26.812,5
5.751,26.812,6
5.752,26.812,5
5.753,29.047,6
5.754,24.578,6
5.755,31.281,5
5.756,31.281,5
5.757,26.812,6
5.758,29.047,6
5.759,26.812,5
5.760,26.812,6
5.761,26.812,6
5.762,26.812,6
5.763,26.812,6
5.764,25.695,5
5.765,24.578,5
5.766,24.578,6
5.767,24.578,5
5.768,24.578,6
5.769,24.578,5
5.770,24.578,6
5.771,24.578,6
5.772,24.578,5
5.773,25.695,6
5.774,27.930,5
5.775,26.254,6
5.776,33.516,5
5.777,31.281,5
5.778,26.812,6
5.779,26.812,6
5.780,25.695,5
5.781,26.254,6
5.782,26.812,5
5.783,26.812,6
5.784,26.812,6
5.785,26.812,4
5.786,26.812,6
5.787,26.812,6
5.788,26.812,5
5.789,26.812,6
5.790,26.812,5
5.791,26.812,6
5.792,26.812,6
5.793,26.812,5
5.794,26.812,5
5.795,25.695,6
5.796,26.812,6
5.797,24.578,5
5.798,24.578,5
5.799,24.578,6
5.800,24.578,6
5.801,24.578,5
5.802,25.695,6
5.803,26.812,5
5.804,25.695,6
5.805,25.695,6
5.806,26.254,4
5.807,26.254,6
5.808,24.578,6
5.809,26.812,5
5.810,26.812,6
5.811,26.812,5
5.812,26.254,6
5.813,24.578,6
5.814,25.695,5
5.815,25.695,5
5.816,25.695,6
5.817,26.812,5
5.818,26.812,6
5.819,26.812,5
5.820,26.812,6
5.821,26.812,6
5.822,26.812,5
5.823,26.812,6
5.824,26.812,5
5.825,26.812,6
5.826,26.812,5
5.827,26.812,5
5.828,26.812,6
5.829,26.812,6
5.830,26.812,5
5.831,26.812,6
5.832,26.812,5
5.833,26.812,6
5.834,26.812,6
5.835,26.812,4
5.836,26.812,6
5.837,26.812,6
5.838,26.812,5
5.839,26.812,6
5.840,25.695,5
5.841,26.812,6
5.842,24.578,6
5.843,26.812,5
5.844,26.812,5
5.845,25.137,6
5.846,26.254,6
5.847,26.812,5
5.848,26.812,5
5.849,26.812,6
5.850,26.812,6
5.851,26.812,5
5.852,26.812,6
5.853,26.812,5
5.854,26.812,6
5.855,26.812,6
5.856,26.812,4
5.857,26.812,6
5.858,26.812,6
5.859,26.812,5
5.860,26.812,6
5.861,26.812,5
5.862,26.812,6
5.863,26.812,6
5.864,26.812,5
5.865,26.812,5
5.866,26.812,6
5.867,25.695,5
5.868,25.137,6
5.869,26.812,5
5.870,26.812,6
5.871,26.254,6
5.872,26.812,5
5.873,26.812,6
5.874,26.812,5
5.875,26.812,6
5.876,26.812,5
5.877,25.695,5
5.878,26.812,6
5.879,26.812,6
5.880,26.812,5
5.881,26.812,6
5.882,26.812,5
5.883,26.812,6
5.884,26.812,6
5.885,26.812,4
5.886,25.137,6
5.887,26.812,6
5.888,24.578,5
5.889,25.137,6
5.890,25.695,5
5.891,24.578,6
5.892,26.812,6
5.893,24.578,5
5.894,24.578,5
5.895,26.812,6
5.896,24.578,6
5.897,26.812,5
5.898,26.812,5
5.899,24.578,6
5.900,26.812,6
5.901,24.578,5
5.902,25.695,6
5.903,26.812,5
5.904,24.578,6
5.905,26.254,6
5.906,25.137,4
5.907,24.578,6
5.908,26.812,6
5.909,24.578,5
5.910,24.578,6
5.911,24.578,5
5.912,24.578,6
5.913,26.812,6
5.914,24.578,5
5.915,24.578,5
5.916,26.254,6
5.917,24.578,5
5.918,25.137,6
5.919,25.695,5
5.920,24.578,6
5.921,26.254,6
5.922,24.578,5
5.923,25.695,6
5.924,26.812,5
5.925,24.578,6
5.926,24.578,5
5.927,24.578,5
5.928,24.578,6
5.929,24.578,6
5.930,24.578,5
5.931,24.578,6
5.932,24.578,5
5.933,22.344,6
5.934,24.578,6
5.935,23.461,4
5.936,21.227,6
5.937,24.020,6
5.938,22.344,5
5.939,23.461,6
5.940,23.461,5
5.941,22.344,6
5.942,24.578,6
5.943,22.344,5
5.944,22.344,5
5.945,24.578,6
5.946,22.344,6
5.947,24.578,5
5.948,24.578,5
5.949,20.109,6
5.950,24.578,6
5.951,22.344,5
5.952,22.902,6
5.953,23.461,5
5.954,21.227,6
5.955,24.578,6
5.956,22.344,4
5.957,20.109,6
5.958,24.578,6
5.959,20.109,5
5.960,22.344,6
5.961,23.461,5
5.962,22.344,6
5.963,24.578,6
5.964,20.109,5
5.965,20.109,5
5.966,24.020,6
5.967,17.875,5
5.968,20.668,6
5.969,23.461,5
5.970,17.875,6
5.971,24.578,6
5.972,17.875,5
5.973,19.551,6
5.974,20.109,6
5.975,17.875,6
5.976,22.344,5
5.977,18.992,6
5.978,17.875,5
5.979,20.109,6
5.980,20.109,6
5.981,21.227,5
5.982,20.668,6
5.983,20.109,5
5.984,22.344,6
5.985,20.109,5
5.986,17.875,5
5.987,21.227,6
5.988,18.992,6
5.989,20.109,5
5.990,18.434,6
5.991,16.758,5
5.992,20.668,6
5.993,16.758,6
5.994,20.109,4
5.995,22.344,6
5.996,20.109,6
5.997,20.109,5
5.998,20.109,6
5.999,20.109,5
6.000,19.551,6
6.001,17.875,6
6.002,20.109,5
6.003,20.109,5
6.004,17.875,6
6.005,20.109,6
6.006,17.875,5
6.007,17.875,5
6.008,17.875,6
6.009,17.875,6
6.010,17.875,5
6.011,17.316,6
6.012,15.641,5
6.013,17.316,6
6.014,15.641,6
6.015,16.758,4
6.016,17.875,6
6.017,15.641,6
6.018,17.875,5
6.019,17.875,6
6.020,17.875,5
6.021,17.875,6
6.022,17.875,6
6.023,17.875,5
6.024,17.875,5
6.025,17.875,6
6.026,17.875,5
6.027,17.875,6
6.028,16.758,5
6.029,17.875,6
6.030,12.848,6
6.031,16.758,5
6.032,12.289,6
6.033,6.703,5
6.034,15.082,6
6.035,4.469,5
6.036,4.469,5
6.037,15.641,6
6.038,4.469,6
6.039,17.875,5
6.040,11.172,6
6.041,4.469,5
6.042,17.875,6
6.043,6.703,6
6.044,12.289,4
6.045,17.875,6
6.046,6.703,6
6.047,17.875,5
6.048,11.730,6
6.049,6.703,5
6.050,16.758,6
6.051,6.703,6
6.052,16.758,5
6.053,16.758,5
6.054,6.703,6
6.055,15.082,6
6.056,6.703,5
6.057,4.469,5
6.058,15.082,6
6.059,4.469,6
6.060,14.523,5
6.061,10.055,6
6.062,4.469,5
6.063,17.875,6
6.064,4.469,6
6.065,11.172,4
6.066,17.875,6
6.067,4.469,6
6.068,17.875,5
6.069,11.172,6
6.070,4.469,5
6.071,16.758,6
6.072,4.469,6
6.073,11.172,5
6.074,6.703,5
6.075,4.469,6
6.076,4.469,5
6.077,4.469,6
6.078,4.469,5
6.079,4.469,6
6.080,6.703,6
6.081,4.469,5
6.082,5.586,6
6.083,6.703,5
6.084,4.469,6
6.085,11.172,5
6.086,11.172,5
6.087,5.027,6
6.088,11.172,6
6.089,6.703,5
6.090,10.613,6
6.091,14.523,5
6.092,5.586,6
6.093,15.082,6
6.094,10.055,4
6.095,6.703,6
6.096,13.406,6
6.097,6.703,5
6.098,11.172,6
6.099,15.641,5
6.100,4.469,6
6.101,17.316,6
6.102,4.469,5
6.103,4.469,5
6.104,18.434,6
6.105,4.469,6
6.106,20.109,5
6.107,18.992,5
6.108,4.469,6
6.109,20.109,6
6.110,4.469,5
6.111,12.289,6
6.112,20.109,5
6.113,4.469,6
6.114,20.109,6
6.115,12.289,4
6.116,4.469,6
6.117,20.109,6
6.118,4.469,5
6.119,12.289,6
6.120,18.992,5
6.121,6.703,6
6.122,19.551,6
6.123,6.703,5
6.124,6.703,5
6.125,17.875,6
6.126,13.406,5
6.127,13.406,6
6.128,13.406,5
6.129,10.613,6
6.130,11.172,6
6.131,11.172,5
6.132,11.730,6
6.133,15.641,5
6.134,15.641,6
6.135,15.641,5
6.136,15.641,5
6.137,14.523,6
6.138,15.641,6
6.139,15.641,5
6.140,13.965,6
6.141,4.469,5
6.142,15.082,6
6.143,4.469,6
6.144,10.613,4
6.145,17.875,6
6.146,4.469,6
6.147,17.875,5
6.148,11.172,6
6.149,4.469,5
6.150,18.992,6
6.151,4.469,6
6.152,18.992,5
6.153,20.109,5
6.154,4.469,6
6.155,20.109,6
6.156,4.469,5
6.157,4.469,5
6.158,19.551,6
6.159,4.469,6
6.160,18.992,5
6.161,11.730,6
6.162,8.938,5
6.163,19.551,6
6.164,11.730,6
6.165,16.758,4
6.166,19.551,6
6.167,14.523,6
6.168,17.875,5
6.169,17.875,6
6.170,17.875,5
6.171,14.523,6
6.172,21.227,6
6.173,13.406,5
6.174,13.406,5
6.175,29.047,6
6.176,15.641,5
6.177,26.812,6
6.178,35.750,5
6.179,16.199,6
6.180,44.688,6
6.181,15.641,5
6.182,31.840,6
6.183,58.094,5
6.184,8.938,6
6.185,62.562,5
6.186,68.148,5
6.187,4.469,7
6.188,78.203,7
6.189,4.469,7
6.190,100.547,5
6.191,52.508,6
6.192,4.469,5
6.193,117.305,6
6.194,4.469,5
6.195,4.469,5
6.196,138.531,6
6.197,4.469,6
6.198,154.172,5
6.199,81.555,6
6.200,4.469,5
6.201,170.930,6
6.202,4.469,6
6.203,97.195,4
6.204,195.508,6
6.205,11.172,6
6.206,212.266,5
6.207,112.836,6
6.208,13.406,5
6.209,225.672,6
6.210,15.641,6
6.211,230.141,5
6.212,239.078,5
6.213,22.344,6
6.214,248.574,6
6.215,29.047,5
6.216,29.047,5
6.217,260.863,6
6.218,37.426,6
6.219,259.188,5
6.220,151.938,6
6.221,49.156,5
6.222,255.277,6
6.223,55.859,6
6.224,158.082,4
6.225,256.953,6
6.226,67.590,6
6.227,265.891,5
6.228,182.102,6
6.229,91.609,5
6.230,274.828,6
6.231,104.457,6
6.232,270.359,5
6.233,270.359,5
6.234,125.125,6
6.235,252.484,5
6.236,195.508,6
6.237,151.938,5
6.238,249.691,6
6.239,154.172,6
6.240,249.133,5
6.241,213.383,6
6.242,174.281,5
6.243,269.242,6
6.244,198.859,5
6.245,198.859,5
6.246,256.953,6
6.247,212.266,6
6.248,255.836,5
6.249,241.312,6
6.250,225.672,5
6.251,259.188,6
6.252,239.078,6
6.253,249.133,4
6.254,251.926,6
6.255,250.250,6
6.256,250.250,5
6.257,253.602,6
6.258,256.953,5
6.259,248.016,6
6.260,261.980,6
6.261,239.078,5
6.262,239.078,5
6.263,256.953,6
6.264,237.961,6
6.265,255.836,5
6.266,254.719,5
6.267,235.727,6
6.268,263.656,6
6.269,229.023,5
6.270,246.340,6
6.271,272.594,5
6.272,212.266,6
6.273,272.594,6
6.274,241.871,4
6.275,214.500,6
6.276,261.980,6
6.277,214.500,5
6.278,231.816,6
6.279,248.016,5
6.280,205.004,6
6.281,249.691,6
6.282,201.094,5
6.283,203.328,5
6.284,262.539,6
6.285,205.562,5
6.286,233.492,6
6.287,261.422,5
6.288,204.445,6
6.289,256.953,6
6.290,201.094,5
6.291,227.906,6
6.292,256.953,5
6.293,189.922,6
6.294,256.953,5
6.295,252.484,5
6.296,173.164,6
6.297,251.367,6
6.298,176.516,5
6.299,214.500,6
6.300,248.016,5
6.301,180.984,6
6.302,240.195,6
6.303,207.797,4
6.304,174.281,6
6.305,239.078,6
6.306,172.047,5
6.307,204.445,6
6.308,234.609,5
6.309,165.344,6
6.310,221.203,6
6.311,163.109,5
6.312,160.875,5
6.313,212.266,6
6.314,159.199,6
6.315,210.031,5
6.316,210.031,5
6.317,156.406,6
6.318,213.383,6
6.319,151.938,5
6.320,178.191,6
6.321,201.094,5
6.322,143.000,6
6.323,199.418,6
6.324,170.930,4
6.325,143.000,6
6.326,201.094,6
6.327,143.000,5
6.328,172.605,6
6.329,204.445,5
6.330,135.180,6
6.331,197.742,6
6.332,131.828,5
6.333,130.711,5
6.334,186.012,6
6.335,125.125,5
6.336,148.027,6
6.337,168.695,5
6.338,120.656,6
6.339,169.812,6
6.340,120.656,5
6.341,148.586,6
6.342,176.516,5
6.343,125.125,6
6.344,174.281,5
6.345,174.281,5
6.346,125.125,6
6.347,170.930,6
6.348,125.125,5
6.349,146.352,6
6.350,163.109,5
6.351,118.422,6
6.352,162.551,6
6.353,139.090,4
6.354,116.188,6
6.355,160.875,6
6.356,112.836,5
6.357,134.062,6
6.358,156.406,5
6.359,111.719,6
6.360,149.703,6
6.361,113.953,5
6.362,113.953,5
6.363,142.441,6
6.364,109.484,6
6.365,141.883,5
6.366,141.883,5
6.367,111.719,6
6.368,140.766,6
6.369,111.719,5
6.370,122.891,6
6.371,132.945,5
6.372,110.602,6
6.373,130.152,6
6.374,118.980,4
6.375,109.484,6
6.376,124.008,6
6.377,109.484,5
6.378,114.512,6
6.379,119.539,5
6.380,109.484,6
6.381,120.656,6
6.382,105.016,5
6.383,102.781,5
6.384,120.656,6
6.385,102.781,5
6.386,114.512,6
6.387,124.008,5
6.388,105.016,6
6.389,124.008,6
6.390,106.133,5
6.391,112.836,6
6.392,118.422,5
6.393,107.250,6
6.394,116.188,5
6.395,113.953,5
6.396,107.250,6
6.397,111.719,6
6.398,107.250,5
6.399,108.367,6
6.400,108.367,6
6.401,106.133,7
6.402,111.719,7
6.403,107.250,5
6.404,107.250,5
6.405,109.484,6
6.406,108.367,6
6.407,107.250,5
6.408,106.691,6
6.409,107.250,5
6.410,110.043,6
6.411,103.898,6
6.412,108.367,4
6.413,109.484,6
6.414,105.016,6
6.415,108.367,5
6.416,106.133,6
6.417,105.016,5
6.418,109.484,6
6.419,103.898,6
6.420,109.484,5
6.421,108.367,5
6.422,100.547,6
6.423,102.223,6
6.424,100.547,5
6.425,100.547,5
6.426,100.547,6
6.427,101.105,6
6.428,102.781,5
6.429,101.664,6
6.430,100.547,5
6.431,105.016,6
6.432,96.078,6
6.433,100.547,4
6.434,107.250,6
6.435,90.492,6
6.436,107.250,5
6.437,98.312,6
6.438,89.375,5
6.439,106.691,6
6.440,89.375,6
6.441,103.898,5
6.442,105.016,5
6.443,89.375,6
6.444,102.781,5
6.445,96.078,6
6.446,87.141,5
6.447,104.457,6
6.448,84.906,6
6.449,107.250,5
6.450,94.961,6
6.451,82.672,5
6.452,102.781,6
6.453,82.672,5
6.454,81.555,5
6.455,102.781,6
6.456,79.320,6
6.457,102.781,5
6.458,89.375,6
6.459,75.969,5
6.460,104.457,6
6.461,70.941,6
6.462,86.023,4
6.463,101.664,6
6.464,65.914,6
6.465,100.547,5
6.466,80.438,6
6.467,62.562,5
6.468,98.312,6
6.469,60.328,6
6.470,99.430,5
6.471,100.547,5
6.472,60.328,6
6.473,98.312,6
6.474,60.328,5
6.475,60.328,5
6.476,91.051,6
6.477,56.977,6
6.478,89.375,5
6.479,72.617,6
6.480,55.859,5
6.481,89.375,6
6.482,55.859,6
6.483,72.059,4
6.484,89.375,6
6.485,53.066,6
6.486,89.375,5
6.487,68.707,6
6.488,46.922,5
6.489,84.906,6
6.490,46.922,6
6.491,82.672,5
6.492,81.555,5
6.493,46.922,6
6.494,82.672,5
6.495,63.121,6
6.496,44.688,5
6.497,80.438,6
6.498,44.688,6
6.499,75.969,5
6.500,60.328,6
6.501,44.688,5
6.502,72.617,6
6.503,44.688,5
6.504,46.922,5
6.505,67.590,6
6.506,46.922,6
6.507,64.797,5
6.508,54.742,6
6.509,46.922,5
6.510,62.562,6
6.511,44.688,6
6.512,51.949,4
6.513,59.770,6
6.514,44.688,6
6.515,60.328,5
6.516,52.508,6
6.517,44.688,5
6.518,58.094,6
6.519,44.688,6
6.520,55.859,5
6.521,55.859,5
6.522,44.688,6
6.523,55.859,6
6.524,46.922,5
6.525,46.922,5
6.526,55.859,6
6.527,47.480,6
6.528,49.156,5
6.529,50.273,6
6.530,51.391,5
6.531,46.922,6
6.532,53.625,6
6.533,50.273,4
6.534,46.922,6
6.535,53.066,6
6.536,46.922,5
6.537,49.715,6
6.538,53.625,5
6.539,44.688,6
6.540,53.625,6
6.541,44.688,5
6.542,44.688,5
6.543,58.094,6
6.544,44.688,5
6.545,51.391,6
6.546,60.328,5
6.547,45.805,6
6.548,60.328,6
6.549,46.922,5
6.550,53.066,6
6.551,59.211,5
6.552,46.922,6
6.553,59.211,5
6.554,59.211,5
6.555,44.688,6
6.556,62.004,6
6.557,44.688,5
6.558,53.625,6
6.559,62.562,5
6.560,44.688,6
6.561,65.914,6
6.562,55.859,4
6.563,44.688,6
6.564,68.707,6
6.565,44.688,5
6.566,56.418,6
6.567,69.266,5
6.568,46.922,6
6.569,73.176,6
6.570,49.156,5
6.571,49.156,5
6.572,73.734,6
6.573,52.508,6
6.574,71.500,5
6.575,71.500,5
6.576,53.625,6
6.577,73.176,6
6.578,53.625,5
6.579,64.238,6
6.580,75.969,5
6.581,53.625,6
6.582,78.203,6
6.583,65.355,4
6.584,55.859,6
6.585,78.203,6
6.586,58.094,5
6.587,69.266,6
6.588,80.438,5
6.589,60.328,6
6.590,79.879,6
6.591,60.328,5
6.592,60.328,5
6.593,78.203,6
6.594,60.328,5
6.595,69.266,6
6.596,78.203,5
6.597,62.562,6
6.598,77.086,6
6.599,62.562,5
6.600,70.383,6
6.601,78.203,5
6.602,63.680,6
6.603,80.438,5
6.604,81.555,5
6.605,69.266,6
6.606,82.672,6
6.607,69.266,5
6.608,77.086,6
6.609,83.789,5
6.610,71.500,6
6.611,84.906,6
6.612,79.320,4
6.613,73.734,6
6.614,84.906,7
6.615,73.734,7
6.616,79.879,6
6.617,81.555,6
6.618,73.734,5
6.619,87.141,6
6.620,77.086,6
6.621,81.555,4
6.622,84.348,6
6.623,78.203,6
6.624,84.906,5
6.625,81.555,6
6.626,80.438,5
6.627,84.906,6
6.628,80.438,6
6.629,83.789,5
6.630,84.906,5
6.631,80.438,6
6.632,84.906,6
6.633,78.203,5
6.634,78.203,5
6.635,84.348,6
6.636,78.203,6
6.637,80.438,5
6.638,79.320,6
6.639,78.203,5
6.640,79.320,6
6.641,78.203,6
6.642,79.320,4
6.643,78.203,6
6.644,79.320,6
6.645,77.086,5
6.646,79.320,6
6.647,82.672,5
6.648,75.969,6
6.649,84.906,6
6.650,75.969,5
6.651,75.969,5
6.652,84.348,6
6.653,75.969,5
6.654,79.879,6
6.655,83.789,5
6.656,75.410,6
6.657,86.023,6
6.658,71.500,5
6.659,71.500,5
6.660,86.582,6
6.661,71.500,6
6.662,84.906,5
6.663,84.906,5
6.664,75.969,6
6.665,84.348,6
6.666,78.203,5
6.667,81.555,6
6.668,86.023,5
6.669,73.734,6
6.670,84.906,6
6.671,76.527,4
6.672,67.031,6
6.673,84.348,6
6.674,64.797,5
6.675,75.969,6
6.676,83.789,5
6.677,67.031,6
6.678,83.230,6
6.679,69.266,5
6.680,68.148,5
6.681,80.438,6
6.682,67.031,6
6.683,78.203,5
6.684,78.203,5
6.685,64.797,6
6.686,75.969,6
6.687,64.797,5
6.688,70.383,6
6.689,75.969,5
6.690,64.797,6
6.691,75.969,6
6.692,69.266,4
6.693,62.004,6
6.694,75.410,6
6.695,64.797,5
6.696,69.824,6
6.697,73.734,5
6.698,64.797,6
6.699,71.500,6
6.700,62.562,5
6.701,60.328,5
6.702,68.148,6
6.703,58.094,5
6.704,63.680,6
6.705,69.266,5
6.706,58.094,6
6.707,74.852,6
6.708,55.859,5
6.709,55.859,5
6.710,72.617,6
6.711,55.859,6
6.712,69.266,5
6.713,67.031,5
6.714,55.859,6
6.715,64.797,6
6.716,55.859,5
6.717,60.328,6
6.718,64.797,5
6.719,54.742,6
6.720,67.031,6
6.721,60.328,4
6.722,53.625,6
6.723,65.914,6
6.724,53.625,5
6.725,60.328,6
6.726,64.797,5
6.727,51.391,6
6.728,64.238,6
6.729,49.156,5
6.730,49.156,5
6.731,64.238,6
6.732,46.922,6
6.733,62.562,5
6.734,61.445,5
6.735,46.922,6
6.736,60.328,6
6.737,46.922,5
6.738,54.742,6
6.739,62.562,5
6.740,46.922,6
6.741,62.562,6
6.742,53.625,4
6.743,46.363,6
6.744,57.535,6
6.745,44.688,5
6.746,50.273,6
6.747,56.977,5
6.748,42.453,6
6.749,56.977,6
6.750,42.453,5
6.751,42.453,5
6.752,55.859,6
6.753,42.453,5
6.754,49.156,6
6.755,55.859,5
6.756,42.453,6
6.757,55.301,6
6.758,42.453,5
6.759,37.984,5
6.760,53.625,6
6.761,35.750,6
6.762,52.508,5
6.763,52.508,5
6.764,37.984,6
6.765,53.625,6
6.766,37.984,5
6.767,44.688,6
6.768,51.391,5
6.769,37.984,6
6.770,49.156,6
6.771,43.570,4
6.772,37.984,6
6.773,46.363,6
6.774,37.984,5
6.775,41.895,6
6.776,45.805,5
6.777,37.984,6
6.778,46.363,6
6.779,37.984,5
6.780,37.984,5
6.781,46.363,6
6.782,37.984,6
6.783,45.805,5
6.784,45.805,5
6.785,37.984,6
6.786,44.129,6
6.787,37.984,5
6.788,40.219,6
6.789,41.336,5
6.790,37.984,6
6.791,41.895,6
6.792,40.219,4
6.793,37.984,6
6.794,42.453,6
6.795,37.984,5
6.796,39.660,6
6.797,42.453,5
6.798,37.984,6
6.799,40.777,6
6.800,37.984,5
6.801,37.984,5
6.802,36.867,6
6.803,37.984,5
6.804,36.867,6
6.805,35.750,5
6.806,37.984,6
6.807,37.984,6
6.808,37.984,5
6.809,37.984,5
6.810,37.984,6
6.811,37.984,6
6.812,37.984,5
6.813,37.984,5
6.814,37.984,6
6.815,37.984,6
6.816,37.984,5
6.817,37.984,6
6.818,37.984,5
6.819,37.984,6
6.820,37.984,6
6.821,37.984,4
6.822,37.984,6
6.823,37.984,6
6.824,37.984,5
6.825,37.984,6
6.826,37.984,5
6.827,37.984,7
6.828,37.984,6
6.829,37.984,6
6.830,37.426,4
6.831,37.984,6
6.832,37.426,6
6.833,37.984,5
6.834,37.984,6
6.835,37.984,5
6.836,37.984,6
6.837,40.219,6
6.838,37.984,5
6.839,37.984,5
6.840,37.984,6
6.841,37.984,6
6.842,37.984,5
6.843,37.984,5
6.844,37.984,6
6.845,37.984,6
6.846,37.984,5
6.847,37.984,6
6.848,37.984,5
6.849,37.984,6
6.850,37.984,6
6.851,37.984,4
6.852,37.984,6
6.853,37.984,6
6.854,37.984,5
6.855,37.984,6
6.856,37.984,5
6.857,37.984,6
6.858,37.984,6
6.859,37.984,4
6.860,37.984,6
6.861,37.984,6
6.862,37.984,5
6.863,37.984,6
6.864,36.867,5
6.865,37.426,6
6.866,36.309,6
6.867,37.984,5
6.868,37.984,5
6.869,37.984,6
6.870,37.984,6
6.871,37.984,5
6.872,36.867,5
6.873,37.984,6
6.874,35.750,6
6.875,37.984,5
6.876,35.750,6
6.877,33.516,5
6.878,37.984,6
6.879,33.516,6
6.880,36.867,4
6.881,37.984,6
6.882,35.750,6
6.883,37.984,5
6.884,36.867,6
6.885,35.750,5
6.886,37.984,6
6.887,35.750,6
6.888,36.867,5
6.889,36.867,5
6.890,33.516,6
6.891,37.984,6
6.892,35.750,5
6.893,35.750,5
6.894,37.984,6
6.895,37.426,6
6.896,37.984,5
6.897,37.984,6
6.898,37.984,5
6.899,37.984,6
6.900,35.750,6
6.901,36.867,4
6.902,37.984,6
6.903,33.516,6
6.904,37.984,5
6.905,35.750,6
6.906,33.516,5
6.907,35.750,6
6.908,33.516,6
6.909,34.633,4
6.910,35.750,6
6.911,33.516,6
6.912,35.750,5
6.913,35.750,6
6.914,33.516,5
6.915,35.191,6
6.916,33.516,6
6.917,33.516,5
6.918,33.516,5
6.919,33.516,6
6.920,33.516,6
6.921,33.516,5
6.922,33.516,5
6.923,33.516,6
6.924,33.516,6
6.925,33.516,5
6.926,34.633,6
6.927,33.516,5
6.928,35.750,6
6.929,33.516,6
6.930,34.074,4
6.931,34.074,6
6.932,33.516,6
6.933,33.516,5
6.934,33.516,6
6.935,33.516,5
6.936,34.633,6
6.937,35.191,6
6.938,35.750,5
6.939,35.750,5
6.940,35.750,6
6.941,35.750,6
6.942,35.750,5
6.943,34.633,5
6.944,35.750,6
6.945,35.750,6
6.946,33.516,5
6.947,34.074,6
6.948,34.633,5
6.949,33.516,6
6.950,33.516,6
6.951,32.957,4
6.952,33.516,6
6.953,33.516,6
6.954,33.516,5
6.955,33.516,6
6.956,33.516,5
6.957,33.516,6
6.958,35.191,6
6.959,34.633,4
6.960,33.516,6
6.961,34.074,6
6.962,33.516,5
6.963,33.516,6
6.964,33.516,5
6.965,33.516,6
6.966,33.516,6
6.967,33.516,5
6.968,33.516,5
6.969,33.516,6
6.970,33.516,6
6.971,33.516,5
6.972,33.516,5
6.973,33.516,6
6.974,33.516,6
6.975,33.516,5
6.976,33.516,6
6.977,33.516,5
6.978,33.516,6
6.979,33.516,6
6.980,33.516,4
6.981,33.516,6
6.982,33.516,6
6.983,35.750,5
6.984,34.074,6
6.985,32.398,5
6.986,34.074,6
6.987,33.516,6
6.988,33.516,5
6.989,33.516,5
6.990,33.516,6
6.991,35.191,6
6.992,33.516,5
6.993,33.516,5
6.994,33.516,6
6.995,31.281,6
6.996,31.281,5
6.997,31.281,6
6.998,29.047,5
6.999,33.516,6
7.000,31.281,6
7.001,32.398,4
7.002,35.750,6
7.003,31.281,6
7.004,33.516,5
7.005,32.398,6
7.006,31.281,5
7.007,32.957,6
7.008,31.281,6
7.009,31.840,4
7.010,33.516,6
7.011,31.281,6
7.012,33.516,5
7.013,32.398,6
7.014,31.281,5
7.015,32.957,6
7.016,31.281,6
7.017,33.516,5
7.018,33.516,5
7.019,30.164,6
7.020,33.516,6
7.021,31.281,5
7.022,31.281,5
7.023,33.516,6
7.024,31.281,6
7.025,33.516,5
7.026,31.281,6
7.027,31.281,5
7.028,31.281,6
7.029,31.281,6
7.030,32.398,4
7.031,33.516,6
7.032,31.281,6
7.033,33.516,5
7.034,32.398,6
7.035,31.281,5
7.036,32.957,6
7.037,31.281,6
7.038,31.281,5
7.039,31.281,5
7.040,30.723,6
7.041,31.281,7
7.042,31.281,5
7.043,30.723,6
7.044,31.281,5
7.045,30.723,6
7.046,31.281,6
7.047,31.281,5
7.048,31.281,5
7.049,31.281,6
7.050,31.281,6
7.051,31.281,5
7.052,31.281,5
7.053,31.281,6
7.054,31.281,6
7.055,29.047,5
7.056,30.164,6
7.057,31.281,5
7.058,29.047,6
7.059,29.047,5
7.060,29.047,5
7.061,31.281,6
7.062,31.281,6
7.063,31.281,5
7.064,31.281,6
7.065,31.281,5
7.066,31.281,6
7.067,31.281,6
7.068,31.281,4
7.069,31.281,6
7.070,31.281,6
7.071,31.281,5
7.072,31.281,6
7.073,31.281,5
7.074,31.281,6
7.075,31.281,6
7.076,31.281,5
7.077,31.281,5
7.078,31.281,6
7.079,31.281,6
7.080,31.281,5
7.081,31.281,5
7.082,31.281,6
7.083,31.281,6
7.084,31.281,5
7.085,31.281,6
7.086,31.281,5
7.087,31.281,6
7.088,31.281,6
7.089,31.281,4
7.090,31.281,6
7.091,31.281,6
7.092,31.281,5
7.093,31.281,6
7.094,31.281,5
7.095,31.281,6
7.096,29.047,6
7.097,31.281,5
7.098,31.281,5
7.099,29.047,6
7.100,30.723,6
7.101,29.047,5
7.102,31.281,5
7.103,31.281,6
7.104,31.281,6
7.105,31.281,5
7.106,31.281,6
7.107,31.281,5
7.108,31.281,6
7.109,31.281,5
7.110,31.281,5
7.111,31.281,6
7.112,31.281,6
7.113,31.281,5
7.114,31.281,6
7.115,33.516,5
7.116,31.281,6
7.117,32.957,6
7.118,31.281,4
7.119,29.047,6
7.120,31.281,6
7.121,29.047,5
7.122,29.047,6
7.123,31.281,5
7.124,26.812,6
7.125,31.281,6
7.126,26.812,5
7.127,26.812,5
7.128,30.723,6
7.129,26.812,6
7.130,30.164,5
7.131,30.164,5
7.132,26.812,6
7.133,31.281,6
7.134,26.812,5
7.135,29.047,6
7.136,30.164,5
7.137,26.812,6
7.138,30.723,6
7.139,29.047,4
7.140,26.812,6
7.141,31.281,6
7.142,26.812,5
7.143,28.488,6
7.144,31.281,5
7.145,26.812,6
7.146,31.281,6
7.147,26.812,5
7.148,26.812,5
7.149,31.281,6
7.150,24.578,6
7.151,31.281,5
7.152,30.164,5
7.153,24.578,6
7.154,30.723,6
7.155,24.578,5
7.156,27.930,6
7.157,31.281,5
7.158,24.578,6
7.159,31.281,5
7.160,29.047,5
7.161,24.578,6
7.162,29.047,6
7.163,24.578,5
7.164,25.137,6
7.165,26.812,5
7.166,24.578,6
7.167,26.812,6
7.168,25.695,4
7.169,26.812,6
7.170,26.812,6
7.171,26.812,5
7.172,26.812,6
7.173,26.812,5
7.174,25.695,6
7.175,26.812,6
7.176,26.812,5
7.177,26.812,5
7.178,26.812,6
7.179,27.930,6
7.180,26.812,5
7.181,26.812,5
7.182,26.812,6
7.183,26.812,6
7.184,26.812,5
7.185,26.812,6
7.186,26.812,5
7.187,25.695,6
7.188,26.812,6
7.189,26.254,4
7.190,26.812,6
7.191,24.578,6
7.192,26.812,5
7.193,25.695,6
7.194,24.578,5
7.195,26.812,6
7.196,24.578,6
7.197,26.812,5
7.198,26.812,5
7.199,24.578,6
7.200,26.812,6
7.201,24.578,5
7.202,24.578,5
7.203,25.695,6
7.204,24.578,6
7.205,26.812,5
7.206,25.137,6
7.207,24.578,5
7.208,26.812,6
7.209,25.695,5
7.210,26.812,5
7.211,26.812,6
7.212,26.812,6
7.213,26.812,5
7.214,26.812,6
7.215,26.812,5
7.216,25.137,6
7.217,25.695,6
7.218,25.695,4
7.219,24.578,6
7.220,26.812,6
7.221,26.812,5
7.222,27.930,6
7.223,27.930,5
7.224,26.812,6
7.225,26.812,6
7.226,26.812,5
7.227,26.812,5
7.228,26.812,6
7.229,24.578,6
7.230,26.812,5
7.231,26.812,5
7.232,25.695,6
7.233,26.812,6
7.234,24.578,5
7.235,25.137,6
7.236,26.812,5
7.237,24.578,6
7.238,26.812,6
7.239,25.695,4
7.240,24.578,6
7.241,26.812,6
7.242,24.578,5
7.243,25.695,6
7.244,26.812,5
7.245,24.578,6
7.246,26.812,6
7.247,24.578,5
7.248,24.578,5
7.249,26.254,6
7.250,20.109,6
7.251,26.812,5
7.252,26.812,5
7.253,20.109,6
7.254,26.812,7
7.255,22.344,7
7.256,26.812,5
7.257,26.812,5
7.258,22.344,6
7.259,24.578,5
7.260,23.461,6
7.261,22.344,5
7.262,24.020,6
7.263,20.109,6
7.264,26.812,5
7.265,22.902,6
7.266,20.109,5
7.267,26.812,6
7.268,20.109,5
7.269,20.109,5
7.270,24.578,6
7.271,20.109,6
7.272,24.578,5
7.273,22.344,6
7.274,20.109,5
7.275,25.137,6
7.276,15.641,6
7.277,18.434,4
7.278,24.020,6
7.279,16.199,6
7.280,23.461,5
7.281,21.227,6
7.282,17.875,5
7.283,24.578,6
7.284,17.875,6
7.285,24.578,5
7.286,24.578,5
7.287,17.875,6
7.288,24.020,6
7.289,20.109,5
7.290,20.109,5
7.291,22.344,6
7.292,20.109,6
7.293,20.109,5
7.294,20.109,6
7.295,20.109,5
7.296,20.109,6
7.297,20.109,6
7.298,19.551,4
7.299,22.344,6
7.300,20.109,6
7.301,22.344,5
7.302,20.668,6
7.303,20.109,5
7.304,21.227,6
7.305,20.109,6
7.306,20.109,5
7.307,20.109,5
7.308,20.109,6
7.309,20.109,5
7.310,20.109,6
7.311,20.109,5
7.312,20.109,6
7.313,20.109,6
7.314,20.109,5
7.315,19.551,6
7.316,20.109,5
7.317,20.109,6
7.318,17.875,5
7.319,17.875,5
7.320,15.641,6
7.321,17.316,6
7.322,17.875,5
7.323,18.992,6
7.324,20.109,5
7.325,17.875,6
7.326,20.109,6
7.327,18.992,4
7.328,17.875,6
7.329,20.109,6
7.330,17.875,5
7.331,18.992,6
7.332,20.109,5
7.333,20.109,6
7.334,20.109,6
7.335,20.109,5
7.336,20.109,5
7.337,20.109,6
7.338,20.109,6
7.339,20.109,5
7.340,20.109,5
7.341,19.551,6
7.342,20.109,6
7.343,20.109,5
7.344,20.109,6
7.345,20.109,5
7.346,20.109,6
7.347,21.227,6
7.348,21.227,4
7.349,20.109,6
7.350,22.344,6
7.351,20.109,5
7.352,21.227,6
7.353,22.344,5
7.354,20.109,6
7.355,23.461,6
7.356,20.109,5
7.357,20.109,5
7.358,22.344,6
7.359,20.109,5
7.360,20.109,6
7.361,22.344,5
7.362,17.875,6
7.363,22.344,6
7.364,20.109,5
7.365,21.227,6
7.366,22.344,5
7.367,20.109,6
7.368,22.344,5
7.369,24.578,5
7.370,20.109,6
7.371,24.578,6
7.372,20.109,5
7.373,22.344,6
7.374,24.578,5
7.375,20.109,6
7.376,24.578,6
7.377,22.344,4
7.378,20.109,6
7.379,22.344,6
7.380,20.109,5
7.381,21.227,6
7.382,20.109,5
7.383,20.109,6
7.384,20.109,6
7.385,20.109,5
7.386,20.109,5
7.387,20.109,6
7.388,20.668,6
7.389,20.109,5
7.390,20.109,5
7.391,22.344,6
7.392,20.109,6
7.393,22.344,5
7.394,21.227,6
7.395,17.875,5
7.396,22.344,6
7.397,16.199,6
7.398,19.551,4
7.399,23.461,6
7.400,10.055,6
7.401,22.344,5
7.402,17.875,6
7.403,13.406,5
7.404,22.344,6
7.405,15.641,6
7.406,22.344,5
7.407,21.227,5
7.408,15.641,6
7.409,22.344,5
7.410,17.875,6
7.411,8.938,5
7.412,24.020,6
7.413,4.469,6
7.414,23.461,5
7.415,14.523,6
7.416,4.469,5
7.417,24.578,6
7.418,15.641,5
7.419,15.641,5
7.420,24.578,6
7.421,17.875,6
7.422,21.227,5
7.423,21.227,6
7.424,22.344,5
7.425,22.344,6
7.426,23.461,6
7.427,22.344,4
7.428,20.109,6
7.429,27.930,6
7.430,20.109,5
7.431,25.137,6
7.432,31.281,5
7.433,20.109,6
7.434,37.426,6
7.435,20.109,5
7.436,20.109,5
7.437,46.922,6
7.438,18.992,6
7.439,54.742,5
7.440,64.797,5
7.441,15.641,6
7.442,71.500,6
7.443,13.406,5
7.444,46.922,6
7.445,84.906,5
7.446,13.406,6
7.447,100.547,6
7.448,62.562,4
7.449,15.641,6
7.450,120.656,6
7.451,15.641,5
7.452,71.500,6
7.453,138.531,5
7.454,8.938,6
7.455,155.289,6
7.456,4.469,5
7.457,4.469,5
7.458,177.633,6
7.459,4.469,5
7.460,98.312,6
7.461,196.625,5
7.462,15.641,6
7.463,216.734,6
7.464,17.875,5
7.465,122.891,6
7.466,233.492,5
7.467,22.344,7
7.468,132.945,6
7.469,29.047,7
7.470,27.930,5
7.471,253.043,6
7.472,31.840,6
7.473,254.719,5
7.474,146.352,6
7.475,42.453,5
7.476,252.484,6
7.477,44.688,5
7.478,51.391,5
7.479,265.891,6
7.480,62.562,6
7.481,263.656,5
7.482,168.137,6
7.483,75.969,5
7.484,258.629,6
7.485,86.582,6
7.486,173.723,4
7.487,258.070,6
7.488,103.898,6
7.489,261.422,5
7.490,189.922,6
7.491,129.594,5
7.492,259.188,6
7.493,136.297,6
7.494,259.188,5
7.495,259.188,5
7.496,158.082,6
7.497,260.305,6
7.498,180.984,5
7.499,180.984,5
7.500,259.188,6
7.501,199.977,6
7.502,254.719,5
7.503,234.609,6
7.504,225.672,5
7.505,246.898,6
7.506,232.375,6
7.507,242.430,4
7.508,245.223,6
7.509,243.547,6
7.510,243.547,5
7.511,245.781,6
7.512,245.781,5
7.513,239.637,6
7.514,255.277,6
7.515,237.961,5
7.516,239.078,5
7.517,254.719,6
7.518,239.078,5
7.519,246.898,6
7.520,261.422,5
7.521,231.816,6
7.522,265.891,6
7.523,230.141,5
7.524,244.664,6
7.525,259.188,5
7.526,230.141,6
7.527,256.953,5
7.528,256.953,5
7.529,223.438,6
7.530,259.188,6
7.531,210.031,5
7.532,235.168,6
7.533,259.188,5
7.534,209.473,6
7.535,258.070,6
7.536,234.609,4
7.537,207.797,6
7.538,260.305,6
7.539,206.680,5
7.540,230.141,6
7.541,258.070,5
7.542,197.742,6
7.543,256.953,6
7.544,196.625,5
7.545,196.625,5
7.546,249.133,6
7.547,192.156,6
7.548,244.664,5
7.549,245.781,5
7.550,185.453,6
7.551,245.223,6
7.552,182.102,5
7.553,208.914,6
7.554,236.844,5
7.555,172.047,6
7.556,236.844,6
7.557,201.094,4
7.558,165.344,6
7.559,239.078,6
7.560,165.344,5
7.561,198.859,6
7.562,230.141,5
7.563,163.109,6
7.564,230.141,6
7.565,160.875,5
7.566,158.641,5
7.567,230.141,6
7.568,158.641,5
7.569,189.922,6
7.570,218.969,5
7.571,146.352,6
7.572,210.031,6
7.573,145.234,5
7.574,175.957,6
7.575,207.797,5
7.576,145.234,6
7.577,207.797,5
7.578,205.562,5
7.579,138.531,6
7.580,201.094,6
7.581,136.297,5
7.582,165.344,6
7.583,195.508,5
7.584,130.152,6
7.585,194.949,6
7.586,159.758,4
7.587,124.008,6
7.588,192.156,6
7.589,122.891,5
7.590,154.730,6
7.591,183.219,5
7.592,116.188,6
7.593,180.984,6
7.594,116.188,5
7.595,118.422,5
7.596,169.254,6
7.597,118.422,6
7.598,165.344,5
7.599,164.227,5
7.600,116.188,6
7.601,164.227,6
7.602,116.188,5
7.603,139.648,6
7.604,159.758,5
7.605,113.953,6
7.606,158.641,6
7.607,135.180,4
7.608,109.484,6
7.609,155.848,6
7.610,109.484,5
7.611,127.359,6
7.612,145.234,5
7.613,109.484,6
7.614,145.234,6
7.615,109.484,5
7.616,107.250,5
7.617,145.234,6
7.618,107.250,5
7.619,124.008,6
7.620,136.297,5
7.621,105.016,6
7.622,136.297,6
7.623,101.664,5
7.624,116.188,6
7.625,129.594,5
7.626,99.988,6
7.627,122.891,5
7.628,122.891,5
7.629,97.195,6
7.630,122.891,6
7.631,96.078,5
7.632,108.367,6
7.633,116.188,5
7.634,96.078,6
7.635,115.629,6
7.636,105.016,4
7.637,93.285,6
7.638,117.305,6
7.639,91.609,5
7.640,103.898,6
7.641,115.070,5
7.642,91.609,6
7.643,116.188,6
7.644,91.609,5
7.645,90.492,5
7.646,112.836,6
7.647,91.609,6
7.648,109.484,5
7.649,108.367,5
7.650,93.844,6
7.651,108.367,6
7.652,93.844,5
7.653,101.664,6
7.654,109.484,5
7.655,93.844,6
7.656,108.367,6
7.657,100.547,4
7.658,93.844,6
7.659,107.250,6
7.660,93.844,5
7.661,99.430,6
7.662,105.016,5
7.663,93.844,6
7.664,100.547,6
7.665,93.844,5
7.666,93.844,5
7.667,100.547,6
7.668,93.844,5
7.669,96.078,6
7.670,98.312,5
7.671,90.492,6
7.672,96.078,6
7.673,87.141,5
7.674,91.609,6
7.675,96.078,5
7.676,87.141,6
7.677,93.844,5
7.678,93.844,5
7.679,87.141,6
7.680,91.609,6
7.681,90.492,7
7.682,91.609,5
7.683,91.609,6
7.684,91.609,5
7.685,91.609,6
7.686,91.609,5
7.687,91.609,5
7.688,89.375,6
7.689,88.258,6
7.690,90.492,5
7.691,88.258,6
7.692,84.906,5
7.693,93.844,6
7.694,80.438,6
7.695,87.141,4
7.696,93.285,6
7.697,77.645,6
7.698,93.844,5
7.699,83.230,6
7.700,73.734,5
7.701,93.844,6
7.702,71.500,6
7.703,92.727,5
7.704,92.727,5
7.705,71.500,6
7.706,93.844,6
7.707,69.266,5
7.708,69.266,5
7.709,93.844,6
7.710,64.797,6
7.711,88.258,5
7.712,77.086,6
7.713,64.797,5
7.714,87.141,6
7.715,62.562,6
7.716,74.852,4
7.717,87.141,6
7.718,59.211,6
7.719,87.141,5
7.720,71.500,6
7.721,55.859,5
7.722,86.582,6
7.723,51.391,6
7.724,87.141,5
7.725,86.023,5
7.726,46.922,6
7.727,90.492,5
7.728,68.707,6
7.729,44.688,5
7.730,89.934,6
7.731,44.688,6
7.732,84.906,5
7.733,64.797,6
7.734,44.688,5
7.735,82.672,6
7.736,44.688,5
7.737,44.688,5
7.738,77.645,6
7.739,42.453,6
7.740,73.734,5
7.741,56.418,6
7.742,40.219,5
7.743,70.941,6
7.744,40.219,6
7.745,54.742,4
7.746,71.500,6
7.747,40.219,6
7.748,70.383,5
7.749,53.625,6
7.750,37.984,5
7.751,64.238,6
7.752,37.984,6
7.753,64.797,5
7.754,64.797,5
7.755,37.984,6
7.756,62.562,6
7.757,40.219,5
7.758,40.219,5
7.759,59.211,6
7.760,40.219,6
7.761,58.094,5
7.762,48.039,6
7.763,40.219,5
7.764,55.301,6
7.765,41.336,6
7.766,46.922,4
7.767,49.156,6
7.768,43.570,6
7.769,44.688,5
7.770,44.688,6
7.771,44.688,5
7.772,44.688,6
7.773,46.363,6
7.774,44.688,5
7.775,44.688,5
7.776,45.805,6
7.777,44.688,5
7.778,45.805,6
7.779,45.805,5
7.780,44.688,6
7.781,46.922,6
7.782,42.453,5
7.783,44.688,6
7.784,46.922,5
7.785,39.660,6
7.786,49.156,5
7.787,48.039,5
7.788,40.219,6
7.789,51.949,6
7.790,39.102,5
7.791,46.922,6
7.792,53.625,5
7.793,37.984,6
7.794,53.625,6
7.795,45.246,4
7.796,37.984,6
7.797,53.625,6
7.798,37.984,5
7.799,46.922,6
7.800,60.328,5
7.801,40.219,6
7.802,61.445,6
7.803,40.219,5
7.804,40.219,5
7.805,60.328,6
7.806,40.219,6
7.807,58.094,5
7.808,58.094,5
7.809,42.453,6
7.810,58.094,6
7.811,44.688,5
7.812,52.508,6
7.813,62.562,5
7.814,45.805,6
7.815,69.266,6
7.816,57.535,4
7.817,46.922,6
7.818,68.148,6
7.819,46.922,5
7.820,59.211,6
7.821,71.500,5
7.822,46.922,6
7.823,75.410,6
7.824,46.922,5
7.825,46.922,5
7.826,78.203,6
7.827,49.156,5
7.828,63.121,6
7.829,78.203,5
7.830,51.391,6
7.831,79.320,6
7.832,53.625,5
7.833,66.473,6
7.834,80.438,5
7.835,53.625,6
7.836,73.734,5
7.837,73.734,5
7.838,53.625,6
7.839,73.734,6
7.840,60.328,5
7.841,66.473,6
7.842,75.969,5
7.843,60.328,6
7.844,78.762,6
7.845,71.500,4
7.846,62.562,6
7.847,80.438,6
7.848,62.562,5
7.849,72.617,6
7.850,82.672,5
7.851,59.211,6
7.852,81.555,6
7.853,60.328,5
7.854,60.328,5
7.855,80.438,6
7.856,68.148,6
7.857,80.438,5
7.858,79.320,5
7.859,69.266,6
7.860,82.113,6
7.861,69.266,5
7.862,77.086,6
7.863,81.555,5
7.864,73.734,6
7.865,82.113,6
7.866,79.320,4
7.867,75.969,6
7.868,82.672,6
7.869,78.203,5
7.870,80.438,6
7.871,82.672,5
7.872,78.203,6
7.873,82.672,6
7.874,80.438,5
7.875,80.438,5
7.876,82.672,6
7.877,80.438,5
7.878,80.996,6
7.879,82.672,5
7.880,77.086,6
7.881,84.906,6
7.882,75.969,5
7.883,79.320,6
7.884,80.438,5
7.885,79.320,6
7.886,80.438,5
7.887,80.438,5
7.888,80.438,6
7.889,78.203,6
7.890,80.438,5
7.891,79.320,6
7.892,78.203,5
7.893,82.113,6
7.894,73.734,7
7.895,79.320,5
7.896,80.438,5
7.897,72.617,6
7.898,80.438,6
7.899,73.734,5
7.900,77.086,6
7.901,80.438,5
7.902,73.734,6
7.903,82.672,6
7.904,78.203,4
7.905,73.734,6
7.906,82.672,6
7.907,73.734,5
7.908,78.203,6
7.909,82.672,5
7.910,72.617,6
7.911,82.672,6
7.912,71.500,5
7.913,69.266,5
7.914,82.672,6
7.915,69.266,6
7.916,82.672,5
7.917,82.672,5
7.918,69.266,6
7.919,82.672,6
7.920,67.031,5
7.921,74.852,6
7.922,83.789,5
7.923,64.797,6
7.924,84.348,6
7.925,72.617,4
7.926,62.562,6
7.927,80.438,6
7.928,62.562,5
7.929,69.824,6
7.930,77.086,5
7.931,60.328,6
7.932,78.203,6
7.933,58.094,5
7.934,58.094,5
7.935,73.176,6
7.936,60.328,5
7.937,65.914,6
7.938,71.500,5
7.939,60.328,6
7.940,72.617,6
7.941,60.328,5
7.942,60.328,5
7.943,73.176,6
7.944,56.977,6
7.945,72.617,5
7.946,73.734,5
7.947,55.859,6
7.948,73.176,6
7.949,55.859,5
7.950,64.797,6
7.951,71.500,5
7.952,51.391,6
7.953,69.266,6
7.954,60.328,4
7.955,51.391,6
7.956,69.266,6
7.957,51.391,5
7.958,59.770,6
7.959,68.148,5
7.960,49.156,6
7.961,67.031,6
7.962,49.156,5
7.963,49.156,5
7.964,63.121,6
7.965,46.922,6
7.966,62.562,5
7.967,62.562,5
7.968,44.688,6
7.969,62.562,6
7.970,44.688,5
7.971,52.508,6
7.972,60.328,5
7.973,42.453,6
7.974,57.535,6
7.975,50.832,4
7.976,44.688,6
7.977,58.094,6
7.978,44.688,5
7.979,51.391,6
7.980,60.328,5
7.981,44.688,6
7.982,59.770,6
7.983,44.688,5
7.984,42.453,5
7.985,55.859,6
7.986,40.219,5
7.987,47.480,6
7.988,55.859,5
7.989,39.102,6
7.990,54.742,6
7.991,37.984,5
7.992,37.984,5
7.993,51.391,6
7.994,37.984,6
7.995,51.391,5
7.996,51.391,5
7.997,37.984,6
7.998,51.391,6
7.999,37.984,5
8.000,43.570,6
8.001,48.039,5
8.002,37.984,6
8.003,48.598,6
8.004,43.012,4
8.005,37.984,6
8.006,48.039,6
8.007,37.984,5
8.008,40.777,6
8.009,43.570,5
8.010,37.984,6
8.011,44.129,6
8.012,37.984,5
8.013,37.984,5
8.014,41.895,6
8.015,36.867,6
8.016,42.453,5
8.017,42.453,5
8.018,35.750,6
8.019,44.688,6
8.020,35.750,5
8.021,40.219,6
8.022,43.570,5
8.023,33.516,6
8.024,42.453,6
8.025,36.867,4
8.026,33.516,6
8.027,39.102,6
8.028,33.516,5
8.029,35.750,6
8.030,37.984,5
8.031,33.516,6
8.032,37.984,6
8.033,35.750,5
8.034,35.750,5
8.035,36.867,6
8.036,35.750,5
8.037,36.867,6
8.038,37.984,5
8.039,33.516,6
8.040,37.984,6
8.041,33.516,5
8.042,33.516,5
8.043,37.984,6
8.044,33.516,6
8.045,36.867,5
8.046,37.984,5
8.047,33.516,6
8.048,37.426,6
8.049,33.516,5
8.050,35.750,6
8.051,37.984,5
8.052,33.516,6
8.053,37.984,6
8.054,35.750,4
8.055,33.516,6
8.056,35.750,6
8.057,33.516,5
8.058,34.633,6
8.059,35.750,5
8.060,33.516,6
8.061,34.074,6
8.062,33.516,5
8.063,33.516,5
8.064,33.516,6
8.065,33.516,6
8.066,33.516,5
8.067,33.516,5
8.068,33.516,6
8.069,33.516,6
8.070,33.516,5
8.071,33.516,6
8.072,33.516,5
8.073,33.516,6
8.074,33.516,6
8.075,33.516,4
8.076,33.516,6
8.077,35.191,6
8.078,33.516,5
8.079,33.516,6
8.080,33.516,5
8.081,31.281,6
8.082,32.957,6
8.083,31.281,5
8.084,31.281,5
8.085,33.516,6
8.086,31.281,5
8.087,32.398,6
8.088,33.516,5
8.089,32.957,6
8.090,33.516,6
8.091,33.516,5
8.092,33.516,5
8.093,33.516,6
8.094,33.516,6
8.095,33.516,5
8.096,33.516,5
8.097,33.516,6
8.098,33.516,6
8.099,31.281,5
8.100,31.840,6
8.101,32.398,5
8.102,31.281,6
8.103,33.516,6
8.104,31.840,4
8.105,31.281,6
8.106,32.398,6
8.107,31.281,6
8.108,31.281,7
8.109,29.047,7
8.110,29.047,5
8.111,32.957,6
8.112,31.281,6
8.113,32.398,4
8.114,33.516,6
8.115,31.281,6
8.116,32.398,5
8.117,31.840,6
8.118,31.281,5
8.119,33.516,6
8.120,33.516,6
8.121,33.516,5
8.122,33.516,5
8.123,31.281,6
8.124,31.281,6
8.125,31.281,5
8.126,31.281,5
8.127,31.281,6
8.128,31.281,6
8.129,31.281,5
8.130,31.281,6
8.131,31.281,5
8.132,32.957,6
8.133,31.281,6
8.134,32.398,4
8.135,32.957,6
8.136,31.281,6
8.137,33.516,5
8.138,31.281,6
8.139,31.281,5
8.140,31.281,6
8.141,30.723,6
8.142,31.281,4
8.143,31.281,6
8.144,30.164,6
8.145,31.281,5
8.146,30.723,6
8.147,31.281,5
8.148,30.723,6
8.149,31.281,6
8.150,29.047,5
8.151,31.281,5
8.152,29.047,6
8.153,28.488,6
8.154,29.047,5
8.155,29.047,5
8.156,29.047,6
8.157,29.047,6
8.158,31.281,5
8.159,29.605,6
8.160,29.047,5
8.161,31.281,6
8.162,31.281,6
8.163,31.281,4
8.164,33.516,6
8.165,31.281,6
8.166,31.281,5
8.167,31.281,6
8.168,31.281,5
8.169,31.281,6
8.170,31.281,6
8.171,31.281,5
8.172,31.281,5
8.173,31.281,6
8.174,31.281,6
8.175,31.281,5
8.176,29.047,5
8.177,31.281,6
8.178,29.047,6
8.179,31.281,5
8.180,31.281,6
8.181,31.281,5
8.182,31.281,6
8.183,30.723,6
8.184,31.281,4
8.185,31.281,6
8.186,30.164,6
8.187,29.047,5
8.188,29.047,6
8.189,29.047,5
8.190,30.164,6
8.191,30.723,6
8.192,31.281,4
8.193,31.281,6
8.194,32.398,6
8.195,31.281,5
8.196,29.605,6
8.197,30.164,5
8.198,29.047,6
8.199,31.281,6
8.200,29.047,5
8.201,29.047,5
8.202,31.281,6
8.203,29.047,6
8.204,31.281,5
8.205,31.281,5
8.206,31.281,6
8.207,31.281,6
8.208,31.281,5
8.209,31.281,6
8.210,31.281,5
8.211,31.281,6
8.212,31.281,6
8.213,31.281,4
8.214,31.281,6
8.215,31.281,6
8.216,30.164,5
8.217,29.605,6
8.218,30.164,5
8.219,29.047,6
8.220,29.047,6
8.221,29.047,5
8.222,31.281,5
8.223,31.281,6
8.224,31.281,6
8.225,31.281,5
8.226,31.281,5
8.227,31.281,6
8.228,31.281,6
8.229,31.281,5
8.230,29.047,6
8.231,29.047,5
8.232,29.047,6
8.233,29.047,6
8.234,29.047,4
8.235,29.047,6
8.236,29.047,6
8.237,31.281,5
8.238,30.164,6
8.239,29.047,5
8.240,31.281,6
8.241,29.047,6
8.242,30.164,4
8.243,30.723,6
8.244,29.047,6
8.245,31.281,5
8.246,30.164,6
8.247,29.047,5
8.248,30.164,6
8.249,29.047,6
8.250,31.281,5
8.251,31.281,5
8.252,31.281,6
8.253,31.281,6
8.254,31.281,5
8.255,31.281,5
8.256,31.281,6
8.257,31.281,6
8.258,31.281,5
8.259,31.281,6
8.260,31.281,5
8.261,31.281,6
8.262,30.723,6
8.263,30.723,4
8.264,30.723,6
8.265,31.281,6
8.266,31.281,5
8.267,31.281,6
8.268,31.281,5
8.269,31.281,6
8.270,31.281,6
8.271,31.281,5
8.272,31.281,5
8.273,31.281,6
8.274,29.047,6
8.275,31.281,5
8.276,31.281,5
8.277,29.047,6
8.278,31.281,6
8.279,29.047,5
8.280,30.164,6
8.281,31.281,5
8.282,29.047,6
8.283,31.281,6
8.284,30.164,4
8.285,29.047,6
8.286,31.281,6
8.287,29.047,5
8.288,30.164,6
8.289,31.281,5
8.290,28.488,6
8.291,32.398,6
8.292,31.281,4
8.293,30.164,6
8.294,33.516,6
8.295,31.281,5
8.296,32.398,6
8.297,33.516,5
8.298,31.281,6
8.299,33.516,6
8.300,31.281,5
8.301,31.281,5
8.302,32.957,6
8.303,31.281,6
8.304,33.516,5
8.305,33.516,5
8.306,31.281,6
8.307,33.516,6
8.308,31.281,5
8.309,32.398,6
8.310,33.516,5
8.311,31.281,6
8.312,33.516,6
8.313,31.840,4
8.314,31.281,6
8.315,31.281,6
8.316,31.281,5
8.317,31.281,6
8.318,31.281,5
8.319,31.281,6
8.320,31.281,6
8.321,31.281,7
8.322,31.281,4
8.323,33.516,6
8.324,31.281,6
8.325,32.398,5
8.326,32.398,6
8.327,31.281,5
8.328,32.957,6
8.329,31.281,6
8.330,33.516,5
8.331,32.398,5
8.332,33.516,6
8.333,31.281,6
8.334,33.516,5
8.335,32.398,5
8.336,30.164,6
8.337,32.957,6
8.338,29.047,5
8.339,30.723,6
8.340,33.516,5
8.341,29.047,6
8.342,33.516,5
8.343,33.516,5
8.344,26.812,6
8.345,33.516,6
8.346,26.812,5
8.347,30.164,6
8.348,33.516,5
8.349,26.812,6
8.350,33.516,6
8.351,30.164,4
8.352,26.812,6
8.353,33.516,6
8.354,24.578,5
8.355,29.047,6
8.356,30.164,5
8.357,24.578,6
8.358,30.723,6
8.359,24.578,5
8.360,24.578,5
8.361,31.281,6
8.362,24.578,6
8.363,31.281,5
8.364,31.281,5
8.365,24.578,6
8.366,33.516,6
8.367,24.578,5
8.368,29.047,6
8.369,33.516,5
8.370,24.578,6
8.371,33.516,6
8.372,29.047,4
8.373,24.578,6
8.374,31.281,6
8.375,24.578,5
8.376,26.812,6
8.377,29.047,5
8.378,23.461,6
8.379,29.047,6
8.380,22.344,5
8.381,22.344,5
8.382,27.930,6
8.383,20.109,6
8.384,26.812,5
8.385,26.812,5
8.386,20.109,6
8.387,26.812,6
8.388,15.641,5
8.389,23.461,6
8.390,25.695,5
8.391,20.109,6
8.392,26.812,5
8.393,25.695,5
8.394,20.109,6
8.395,24.578,6
8.396,22.344,5
8.397,23.461,6
8.398,24.578,5
8.399,22.344,6
8.400,24.578,6
8.401,23.461,4
8.402,22.344,6
8.403,24.020,6
8.404,22.344,5
8.405,23.461,6
8.406,24.578,5
8.407,22.344,6
8.408,23.461,6
8.409,22.344,5
8.410,22.344,5
8.411,24.578,6
8.412,22.344,6
8.413,24.578,5
8.414,24.578,5
8.415,20.109,6
8.416,24.578,6
8.417,20.109,5
8.418,21.785,6
8.419,24.578,5
8.420,20.109,6
8.421,22.344,6
8.422,20.668,4
8.423,20.109,6
8.424,20.109,6
8.425,18.992,5
8.426,20.109,6
8.427,20.109,5
8.428,20.109,6
8.429,16.758,6
8.430,20.109,5
8.431,20.109,5
8.432,20.109,6
8.433,20.109,6
8.434,20.109,5
8.435,20.109,5
8.436,20.109,6
8.437,20.109,6
8.438,20.109,5
8.439,20.109,6
8.440,22.344,5
8.441,20.109,6
8.442,22.344,5
8.443,21.227,5
8.444,20.109,6
8.445,22.344,6
8.446,20.109,5
8.447,20.668,6
8.448,21.227,5
8.449,17.875,6
8.450,21.785,6
8.451,20.109,4
8.452,17.875,6
8.453,21.227,6
8.454,20.109,5
8.455,20.109,6
8.456,20.109,5
8.457,20.109,6
8.458,20.109,6
8.459,20.109,5
8.460,20.109,5
8.461,19.551,6
8.462,17.875,6
8.463,18.992,5
8.464,20.109,5
8.465,17.875,6
8.466,20.109,6
8.467,17.875,5
8.468,18.434,6
8.469,20.109,5
8.470,15.641,6
8.471,20.109,6
8.472,18.434,4
8.473,17.875,6
8.474,20.109,6
8.475,17.875,5
8.476,17.875,6
8.477,18.992,5
8.478,14.523,6
8.479,20.109,6
8.480,15.641,5
8.481,14.523,5
8.482,18.992,6
8.483,16.199,6
8.484,18.992,5
8.485,20.109,5
8.486,17.875,6
8.487,18.992,6
8.488,17.875,5
8.489,17.875,6
8.490,17.875,5
8.491,14.523,6
8.492,17.875,5
8.493,17.875,5
8.494,13.406,6
8.495,17.875,6
8.496,15.641,5
8.497,18.992,6
8.498,18.992,5
8.499,15.641,6
8.500,20.109,6
8.501,16.758,4
8.502,13.406,6
8.503,17.875,6
8.504,13.406,5
8.505,15.082,6
8.506,17.875,5
8.507,13.406,6
8.508,16.199,6
8.509,8.938,5
8.510,8.938,5
8.511,15.641,6
8.512,6.703,6
8.513,15.641,5
8.514,15.641,5
8.515,10.055,6
8.516,17.875,6
8.517,15.641,5
8.518,15.641,6
8.519,15.641,5
8.520,15.641,6
8.521,13.406,6
8.522,13.406,4
8.523,12.289,6
8.524,15.641,6
8.525,13.406,5
8.526,15.641,6
8.527,16.758,5
8.528,12.848,6
8.529,17.875,6
8.530,4.469,5
8.531,4.469,5
8.532,15.641,6
8.533,8.379,6
8.534,13.406,6
8.535,13.406,7
8.536,13.965,6
8.537,14.523,6
8.538,16.758,6
8.539,15.641,5
8.540,15.641,5
8.541,17.875,6
8.542,15.641,5
8.543,15.082,6
8.544,17.875,5
8.545,13.406,6
8.546,17.316,6
8.547,13.406,5
8.548,15.641,6
8.549,16.758,5
8.550,11.172,6
8.551,17.875,5
8.552,17.875,5
8.553,4.469,6
8.554,15.082,6
8.555,4.469,5
8.556,10.613,6
8.557,11.172,5
8.558,11.172,6
8.559,11.172,6
8.560,15.641,4
8.561,15.641,6
8.562,17.875,6
8.563,15.641,5
8.564,16.199,6
8.565,13.406,5
8.566,13.406,6
8.567,13.406,6
8.568,13.406,5
8.569,13.406,5
8.570,16.199,6
8.571,7.820,6
8.572,16.758,5
8.573,17.875,5
8.574,4.469,6
8.575,17.875,6
8.576,14.523,5
8.577,16.758,6
8.578,17.875,5
8.579,15.641,6
8.580,15.641,6
8.581,16.199,4
8.582,17.875,6
8.583,13.406,6
8.584,17.875,5
8.585,14.523,6
8.586,11.172,5
8.587,17.875,6
8.588,11.172,6
8.589,16.758,5
8.590,17.875,5
8.591,11.172,6
8.592,17.875,5
8.593,14.523,6
8.594,11.172,5
8.595,17.875,6
8.596,4.469,6
8.597,15.641,5
8.598,7.262,6
8.599,4.469,5
8.600,10.613,6
8.601,4.469,5
8.602,4.469,5
8.603,11.172,6
8.604,4.469,6
8.605,16.758,5
8.606,11.172,6
8.607,4.469,5
8.608,17.875,6
8.609,4.469,6
8.610,8.938,4
8.611,13.406,6
8.612,4.469,6
8.613,13.406,5
8.614,11.172,6
8.615,4.469,5
8.616,17.316,6
8.617,4.469,6
8.618,17.875,5
8.619,16.758,5
8.620,4.469,6
8.621,17.316,6
8.622,4.469,5
8.623,4.469,5
8.624,15.641,6
8.625,4.469,6
8.626,11.172,5
8.627,7.820,6
8.628,4.469,5
8.629,11.172,6
8.630,5.586,6
8.631,8.379,4
8.632,11.172,6
8.633,10.055,6
8.634,11.172,5
8.635,11.730,6
8.636,22.344,5
8.637,11.172,6
8.638,27.930,6
8.639,8.938,5
8.640,4.469,5
8.641,34.633,6
8.642,4.469,5
8.643,23.461,6
8.644,42.453,5
8.645,4.469,6
8.646,55.859,6
8.647,4.469,5
8.648,34.633,6
8.649,73.734,5
8.650,4.469,6
8.651,78.203,5
8.652,88.258,5
8.653,4.469,6
8.654,103.898,6
8.655,4.469,5
8.656,63.680,6
8.657,122.891,5
8.658,4.469,6
8.659,145.234,6
8.660,78.203,4
8.661,4.469,6
8.662,165.344,6
8.663,4.469,5
8.664,89.375,6
8.665,183.219,5
8.666,4.469,6
8.667,196.625,6
8.668,4.469,5
8.669,4.469,5
8.670,220.086,6
8.671,4.469,6
8.672,234.609,5
8.673,234.609,5
8.674,4.469,6
8.675,241.312,6
8.676,15.641,5
8.677,130.152,6
8.678,250.250,5
8.679,24.578,6
8.680,259.188,6
8.681,145.234,4
8.682,31.281,6
8.683,258.070,6
8.684,37.984,5
8.685,151.938,6
8.686,259.188,5
8.687,51.391,6
8.688,259.188,6
8.689,67.031,5
8.690,67.031,5
8.691,268.125,6
8.692,82.672,5
8.693,174.281,6
8.694,262.539,5
8.695,98.312,6
8.696,263.656,6
8.697,113.953,5
8.698,194.391,6
8.699,264.773,5
8.700,131.828,6
8.701,255.836,5
8.702,255.836,5
8.703,156.965,6
8.704,254.719,6
8.705,174.281,5
8.706,216.734,6
8.707,263.656,5
8.708,188.805,6
8.709,255.836,6
8.710,225.672,4
8.711,208.914,6
8.712,245.223,6
8.713,227.906,5
8.714,242.430,6
8.715,248.016,5
8.716,239.078,6
8.717,250.250,6
8.718,245.781,5
8.719,245.781,5
8.720,245.223,6
8.721,250.250,6
8.722,243.547,5
8.723,243.547,5
8.724,261.422,6
8.725,237.961,6
8.726,259.188,5
8.727,243.547,6
8.728,227.906,5
8.729,258.629,6
8.730,216.734,6
8.731,236.844,4
8.732,259.188,5
8.733,216.734,5
8.734,242.988,4
8.735,217.852,4
8.736,216.176,4
8.737,240.195,4
8.738,214.500,5
8.739,239.078,4
8.740,212.266,3
8.741,210.031,5
8.742,237.961,4
8.743,237.961,6
8.744,210.031,5
8.745,256.953,6
8.746,205.562,6
8.747,255.836,6
8.748,227.906,6
8.749,196.625,5
8.750,259.188,6
8.751,196.625,5
8.752,220.086,6
8.753,245.781,5
8.754,188.246,6
8.755,245.781,6
8.756,185.453,5
8.757,217.852,6
8.758,250.250,5
8.759,183.219,6
8.760,243.547,5
8.761,242.430,5
8.762,178.750,6
8.763,243.547,6
8.764,176.516,5
8.765,205.562,6
8.766,236.844,5
8.767,167.578,6
8.768,228.465,6
8.769,193.273,4
8.770,163.109,6
8.771,215.617,6
8.772,163.109,5
8.773,189.922,6
8.774,214.500,5
8.775,156.406,6
8.776,217.852,6
8.777,151.938,5
8.778,151.938,5
8.779,213.941,6
8.780,151.938,6
8.781,210.031,5
8.782,210.031,5
8.783,146.352,6
8.784,209.473,6
8.785,141.883,5
8.786,175.398,6
8.787,202.211,5
8.788,138.531,6
8.789,196.625,6
8.790,167.578,4
8.791,136.297,6
8.792,194.391,6
8.793,131.828,5
8.794,159.199,6
8.795,186.570,5
8.796,131.828,6
8.797,186.570,6
8.798,131.828,5
8.799,131.828,5
8.800,181.543,6
8.801,120.656,5
8.802,149.703,6
8.803,176.516,5
8.804,118.422,6
8.805,173.723,6
8.806,118.422,5
8.807,141.883,6
8.808,165.344,5
8.809,113.953,6
8.810,163.109,5
8.811,163.109,5
8.812,109.484,6
8.813,161.992,6
8.814,109.484,5
8.815,132.945,6
8.816,151.938,5
8.817,109.484,6
8.818,150.820,6
8.819,129.594,4
8.820,105.016,6
8.821,150.820,6
8.822,102.781,5
8.823,124.008,6
8.824,145.234,5
8.825,102.223,6
8.826,141.883,6
8.827,105.016,5
8.828,105.016,5
8.829,138.531,6
8.830,105.016,6
8.831,136.297,5
8.832,130.711,5
8.833,105.016,6
8.834,129.035,6
8.835,105.016,5
8.836,117.305,6
8.837,129.594,5
8.838,105.016,6
8.839,129.035,6
8.840,116.188,4
8.841,103.898,6
8.842,120.656,6
8.843,102.781,5
8.844,111.719,6
8.845,118.422,5
8.846,101.664,6
8.847,117.863,6
8.848,102.781,5
8.849,102.781,5
8.850,113.953,6
8.851,102.781,5
8.852,106.133,6
8.853,109.484,5
8.854,101.664,6
8.855,109.484,6
8.856,102.781,5
8.857,106.133,6
8.858,108.367,5
8.859,102.781,6
8.860,107.250,5
8.861,105.016,5
8.862,100.547,6
8.863,102.781,6
8.864,102.781,5
8.865,102.223,6
8.866,102.781,5
8.867,101.664,6
8.868,102.781,6
8.869,99.988,4
8.870,98.312,6
8.871,105.016,6
8.872,100.547,5
8.873,102.781,6
8.874,105.016,5
8.875,102.781,6
8.876,104.457,6
8.877,102.781,5
8.878,100.547,5
8.879,104.457,6
8.880,98.871,6
8.881,102.781,5
8.882,103.898,5
8.883,96.078,6
8.884,101.664,6
8.885,96.078,5
8.886,98.312,6
8.887,100.547,5
8.888,93.844,6
8.889,101.664,6
8.890,98.312,4
8.891,93.844,6
8.892,102.223,6
8.893,96.078,5
8.894,98.312,6
8.895,100.547,5
8.896,94.961,6
8.897,100.547,6
8.898,89.375,5
8.899,89.375,5
8.900,101.664,6
8.901,87.141,5
8.902,93.285,6
8.903,99.430,5
8.904,89.375,6
8.905,99.988,6
8.906,89.375,5
8.907,94.402,6
8.908,100.547,5
8.909,85.465,6
8.910,98.312,5
8.911,98.312,5
8.912,79.879,6
8.913,98.312,6
8.914,75.969,5
8.915,87.141,6
8.916,100.547,5
8.917,75.969,6
8.918,99.430,6
8.919,87.141,4
8.920,75.969,6
8.921,98.312,6
8.922,75.969,5
8.923,86.023,6
8.924,96.078,5
8.925,73.734,6
8.926,94.402,6
8.927,71.500,5
8.928,71.500,5
8.929,92.727,6
8.930,67.031,6
8.931,93.844,5
8.932,92.727,5
8.933,62.562,6
8.934,93.844,6
8.935,60.328,5
8.936,75.969,6
8.937,96.078,5
8.938,54.184,6
8.939,88.258,6
8.940,69.824,4
8.941,53.625,6
8.942,86.023,6
8.943,53.625,5
8.944,70.383,6
8.945,87.141,5
8.946,51.391,6
8.947,89.375,6
8.948,51.391,5
8.949,49.156,5
8.950,84.906,6
8.951,49.156,5
8.952,62.562,6
8.953,78.203,5
8.954,46.922,6
8.955,75.969,6
8.956,44.688,5
8.957,59.770,6
8.958,75.969,5
8.959,44.129,6
8.960,75.969,5
8.961,75.969,5
8.962,42.453,6
8.963,75.969,5
8.964,56.977,4
8.965,73.734,4
8.966,73.176,4
8.967,55.859,4
8.968,71.500,5
8.969,71.500,3
8.970,53.625,4
8.971,67.031,5
8.972,52.508,4
8.973,62.562,4
8.974,61.445,4
8.975,50.273,4
8.976,58.094,5
8.977,46.922,4
8.978,53.625,3
8.979,53.625,5
8.980,46.922,4
8.981,53.625,4
8.982,53.625,4
8.983,47.480,4
8.984,53.625,5
8.985,49.156,4
8.986,53.625,4
8.987,51.949,4
8.988,48.039,4
8.989,50.273,5
8.990,49.156,3
8.991,46.922,4
8.992,46.922,5
8.993,45.805,4
8.994,46.363,4
8.995,46.922,4
8.996,44.688,4
8.997,44.688,5
8.998,44.688,4
8.999,44.688,3
9.000,44.688,5
9.001,44.688,4
9.002,42.453,4
9.003,42.453,4
9.004,45.805,4
9.005,40.219,5
9.006,44.688,4
9.007,40.219,4
9.008,40.219,4
9.009,45.805,4
9.010,40.219,4
9.011,40.219,4
9.012,46.922,4
9.013,40.219,5
9.014,45.805,4
9.015,40.219,4
9.016,40.219,4
9.017,45.805,4
9.018,40.219,5
9.019,40.219,3
9.020,48.039,4
9.021,40.219,5
9.022,51.391,4
9.023,41.336,4
9.024,42.453,4
9.025,51.949,4
9.026,42.453,5
9.027,53.625,4
9.028,44.688,3
9.029,44.688,5
9.030,53.625,4
9.031,44.688,4
9.032,44.688,4
9.033,53.625,4
9.034,44.688,5
9.035,54.184,4
9.036,44.688,4
9.037,44.688,4
9.038,55.859,4
9.039,44.688,5
9.040,44.688,3
9.041,56.977,4
9.042,44.688,5
9.043,58.094,4
9.044,49.156,4
9.045,48.039,4
9.046,59.211,4
9.047,49.156,5
9.048,61.445,4
9.049,49.156,3
9.050,51.391,5
9.051,63.680,4
9.052,52.508,4
9.053,52.508,4
9.054,64.797,4
9.055,53.625,5
9.056,63.680,4
9.057,52.508,4
9.058,51.391,4
9.059,63.121,4
9.060,53.625,4
9.061,55.859,4
9.062,67.031,4
9.063,59.211,5
9.064,69.266,4
9.065,62.562,4
9.066,62.562,4
9.067,69.824,4
9.068,62.562,5
9.069,62.562,3
9.070,72.617,4
9.071,62.562,5
9.072,70.383,4
9.073,62.004,4
9.074,62.562,4
9.075,69.266,4
9.076,64.797,5
9.077,72.059,4
9.078,67.031,3
9.079,67.031,5
9.080,74.293,4
9.081,69.266,4
9.082,69.266,4
9.083,75.969,4
9.084,69.266,5
9.085,75.410,4
9.086,69.266,4
9.087,69.266,4
9.088,73.734,4
9.089,71.500,5
9.090,73.734,3
9.091,74.852,4
9.092,75.969,5
9.093,74.852,4
9.094,75.969,4
9.095,75.969,4
9.096,75.969,4
9.097,75.969,5
9.098,75.969,4
9.099,73.734,3
9.100,73.734,5
9.101,77.645,4
9.102,75.969,4
9.103,75.969,4
9.104,77.086,4
9.105,75.969,5
9.106,75.969,4
9.107,75.969,4
9.108,75.969,4
9.109,75.969,4
9.110,78.203,4
9.111,79.320,4
9.112,78.203,4
9.113,82.672,5
9.114,79.320,4
9.115,78.203,4
9.116,78.203,4
9.117,75.969,4
9.118,75.969,5
9.119,75.969,3
9.120,76.527,4
9.121,78.203,5
9.122,74.852,4
9.123,79.879,4
9.124,79.879,4
9.125,74.852,4
9.126,82.672,5
9.127,74.852,4
9.128,81.555,3
9.129,82.672,5
9.130,73.734,4
9.131,78.203,4
9.132,77.645,4
9.133,72.617,4
9.134,73.734,5
9.135,72.617,4
9.136,73.734,4
9.137,73.734,4
9.138,70.383,4
9.139,78.203,5
9.140,78.203,3
9.141,70.941,4
9.142,78.203,5
9.143,72.059,4
9.144,79.320,4
9.145,79.320,4
9.146,70.941,4
9.147,78.203,5
9.148,68.148,4
9.149,75.969,3
9.150,75.969,5
9.151,69.266,4
9.152,75.410,4
9.153,75.969,4
9.154,68.148,4
9.155,74.852,5
9.156,68.148,4
9.157,75.969,4
9.158,75.410,4
9.159,66.473,4
9.160,75.969,4
9.161,75.969,4
9.162,65.914,4
9.163,73.734,5
9.164,60.887,4
9.165,70.383,4
9.166,70.383,4
9.167,58.094,4
9.168,67.031,5
9.169,64.797,3
9.170,56.977,4
9.171,64.797,5
9.172,56.977,4
9.173,64.797,4
9.174,64.797,4
9.175,46.922,3
9.176,71.500,3
9.177,46.922,3
9.178,57.535,2
9.179,68.148,3
9.180,46.922,3
9.181,63.680,3
9.182,55.859,2
9.183,46.922,3
9.184,63.680,3
9.185,46.922,3
9.186,62.562,3
9.187,50.832,2
9.188,41.336,3
9.189,59.211,3
9.190,50.273,2
9.191,40.219,3
9.192,60.328,3
9.193,40.219,3
9.194,59.211,3
9.195,49.715,2
9.196,40.219,3
9.197,60.328,3
9.198,40.219,3
9.199,49.156,2
9.200,58.094,3
9.201,39.102,3
9.202,58.094,3
9.203,45.805,2
9.204,37.984,3
9.205,53.625,3
9.206,37.984,3
9.207,49.156,3
9.208,42.453,2
9.209,33.516,3
9.210,49.156,3
9.211,41.336,2
9.212,33.516,3
9.213,48.039,3
9.214,33.516,3
9.215,46.922,3
9.216,40.219,2
9.217,33.516,3
9.218,46.922,3
9.219,39.660,2
9.220,33.516,3
9.221,46.922,3
9.222,33.516,3
9.223,46.922,3
9.224,40.219,2
9.225,33.516,3
9.226,46.922,3
9.227,33.516,3
9.228,39.102,2
9.229,42.453,3
9.230,33.516,3
9.231,39.102,3
9.232,35.750,2
9.233,33.516,3
9.234,40.219,3
9.235,33.516,3
9.236,40.219,3
9.237,36.867,2
9.238,33.516,3
9.239,39.102,3
9.240,36.867,2
9.241,33.516,3
9.242,40.219,3
9.243,33.516,3
9.244,37.984,3
9.245,35.750,2
9.246,33.516,3
9.247,37.984,3
9.248,33.516,3
9.249,34.633,2
9.250,35.750,3
9.251,33.516,3
9.252,33.516,3
9.253,33.516,2
9.254,33.516,3
9.255,33.516,3
9.256,33.516,3
9.257,33.516,3
9.258,34.633,2
9.259,35.750,3
9.260,33.516,3
9.261,33.516,2
9.262,33.516,3
9.263,32.398,3
9.264,33.516,3
9.265,33.516,3
9.266,33.516,2
9.267,33.516,3
9.268,33.516,3
9.269,32.957,2
9.270,33.516,3
9.271,33.516,3
9.272,33.516,3
9.273,33.516,3
9.274,32.957,2
9.275,33.516,3
9.276,32.398,3
9.277,32.398,3
9.278,33.516,2
9.279,33.516,3
9.280,33.516,3
9.281,33.516,3
9.282,33.516,2
9.283,33.516,3
9.284,32.398,3
9.285,33.516,3
9.286,33.516,3
9.287,32.957,2
9.288,33.516,3
9.289,33.516,3
9.290,34.074,2
9.291,34.633,3
9.292,33.516,3
9.293,33.516,3
9.294,33.516,3
9.295,33.516,2
9.296,33.516,3
9.297,33.516,3
9.298,33.516,3
9.299,34.633,2
9.300,35.750,3
9.301,31.281,3
9.302,32.398,3
9.303,32.398,2
9.304,33.516,3
9.305,33.516,3
9.306,33.516,3
9.307,33.516,3
9.308,33.516,2
9.309,33.516,3
9.310,33.516,3
9.311,33.516,2
9.312,33.516,3
9.313,33.516,3
9.314,33.516,3
9.315,33.516,3
9.316,32.398,2
9.317,31.281,3
9.318,33.516,3
9.319,32.398,2
9.320,31.281,3
9.321,33.516,3
9.322,31.281,3
9.323,33.516,3
9.324,33.516,2
9.325,33.516,3
9.326,33.516,3
9.327,33.516,3
9.328,32.957,2
9.329,32.398,3
9.330,33.516,3
9.331,35.750,3
9.332,33.516,2
9.333,31.281,3
9.334,35.750,3
9.335,31.281,3
9.336,33.516,3
9.337,32.398,2
9.338,31.281,3
9.339,33.516,3
9.340,32.398,2
9.341,31.281,3
9.342,31.281,3
9.343,31.281,3
9.344,31.281,3
9.345,31.281,2
9.346,31.281,3
9.347,33.516,3
9.348,31.281,3
9.349,32.398,2
9.350,33.516,3
9.351,31.281,3
9.352,32.398,3
9.353,31.840,2
9.354,31.281,3
9.355,33.516,3
9.356,29.047,3
9.357,31.281,3
9.358,29.605,2
9.359,29.047,3
9.360,30.164,3
9.361,30.164,2
9.362,29.047,3
9.363,31.281,3
9.364,27.930,3
9.365,31.281,3
9.366,31.281,2
9.367,29.047,3
9.368,32.398,3
9.369,30.164,2
9.370,26.812,3
9.371,33.516,3
9.372,26.812,3
9.373,31.281,3
9.374,29.047,2
9.375,29.047,3
9.376,31.281,3
9.377,29.047,3
9.378,30.164,2
9.379,31.281,3
9.380,29.047,3
9.381,31.281,3
9.382,30.164,2
9.383,29.047,3
9.384,31.281,3
9.385,29.047,3
9.386,31.281,3
9.387,30.164,2
9.388,30.164,2
9.389,30.723,2
9.390,31.281,1
9.391,31.281,1
9.392,31.281,2
9.393,31.281,1
9.394,31.281,2
9.395,30.164,1
9.396,30.164,1
9.397,29.605,2
9.398,29.047,1
9.399,29.047,1
9.400,29.047,2
9.401,29.047,1
9.402,29.047,2
9.403,27.930,1
9.404,27.930,1
9.405,29.047,2
9.406,27.930,1
9.407,29.047,2
9.408,29.047,1
9.409,26.812,1
9.410,26.812,2
9.411,26.812,1
9.412,26.812,1
9.413,26.812,2
9.414,26.812,1
9.415,26.812,2
9.416,26.812,1
9.417,26.812,1
9.418,28.488,2
9.419,29.047,1
9.420,29.047,1
9.421,29.047,2
9.422,29.047,1
9.423,29.047,2
9.424,29.047,1
9.425,29.047,1
9.426,29.047,2
9.427,29.047,1
9.428,29.047,1
9.429,29.047,2
9.430,29.047,1
9.431,26.812,2
9.432,26.812,1
9.433,25.695,1
9.434,26.254,2
9.435,26.812,1
9.436,26.812,2
9.437,26.812,1
9.438,24.578,1
9.439,24.578,2
9.440,24.578,1
9.441,26.812,1
9.442,26.812,2
9.443,26.812,1
9.444,26.254,2
9.445,26.812,1
9.446,26.812,1
9.447,26.812,2
9.448,26.812,1
9.449,26.812,1
9.450,26.812,2
9.451,26.812,1
9.452,26.812,2
9.453,26.812,1
9.454,26.812,1
9.455,26.812,2
9.456,26.812,1
9.457,26.254,2
9.458,26.812,1
9.459,26.812,1
9.460,25.695,2
9.461,25.695,1
9.462,26.812,1
9.463,26.254,2
9.464,26.812,1
9.465,26.254,2
9.466,25.695,1
9.467,25.695,1
9.468,25.695,2
9.469,26.812,1
9.470,25.695,1
9.471,26.812,2
9.472,26.812,1
9.473,26.254,2
9.474,26.812,1
9.475,26.812,1
9.476,26.812,2
9.477,26.812,1
9.478,26.812,1
9.479,26.254,2
9.480,24.578,1
9.481,24.020,2
9.482,24.578,1
9.483,26.812,1
9.484,26.812,2
9.485,25.695,1
9.486,24.020,2
9.487,24.578,1
9.488,23.461,1
9.489,24.578,2
9.490,24.578,1
9.491,24.578,1
9.492,24.578,2
9.493,24.578,1
9.494,24.578,2
9.495,24.578,1
9.496,24.578,1
9.497,24.578,2
9.498,24.578,1
9.499,24.578,1
9.500,24.578,2
9.501,24.578,1
9.502,24.578,2
9.503,24.578,1
9.504,24.578,1
9.505,24.020,2
9.506,24.578,1
9.507,24.578,2
9.508,24.578,1
9.509,24.578,1
9.510,25.695,2
9.511,26.812,1
9.512,26.812,1
9.513,26.812,2
9.514,26.812,1
9.515,24.578,2
9.516,24.578,1
9.517,24.578,1
9.518,24.578,2
9.519,24.578,1
9.520,24.578,1
9.521,24.020,2
9.522,24.578,1
9.523,24.020,2
9.524,24.578,1
9.525,24.578,1
9.526,24.578,2
9.527,24.578,1
9.528,23.461,1
9.529,25.695,2
9.530,26.812,1
9.531,26.812,2
9.532,26.812,1
9.533,26.812,1
9.534,26.812,2
9.535,26.812,1
9.536,26.812,2
9.537,26.812,1
9.538,26.812,1
9.539,26.812,2
9.540,26.812,1
9.541,26.812,1
9.542,26.812,2
9.543,26.812,1
9.544,26.812,2
9.545,26.812,1
9.546,26.812,1
9.547,27.930,2
9.548,29.047,1
9.549,27.930,1
9.550,27.930,2
9.551,29.047,1
9.552,27.930,2
9.553,26.812,1
9.554,26.812,1
9.555,26.812,2
9.556,26.812,1
9.557,26.812,2
9.558,26.812,1
9.559,26.812,1
9.560,26.812,2
9.561,26.812,1
9.562,26.812,1
9.563,26.254,2
9.564,26.812,1
9.565,26.254,2
9.566,26.812,1
9.567,24.578,1
9.568,25.695,2
9.569,26.812,1
9.570,26.812,1
9.571,25.695,2
9.572,24.578,1
9.573,24.578,2
9.574,24.578,1
9.575,23.461,1
9.576,24.578,2
9.577,24.578,1
9.578,24.578,1
9.579,24.578,2
9.580,26.812,1
9.581,25.695,2
9.582,24.578,1
9.583,24.578,1
9.584,24.578,2
9.585,24.578,1
9.586,24.020,2
9.587,26.812,1
9.588,26.812,1
9.589,26.812,2
9.590,24.578,1
9.591,24.578,1
9.592,24.578,2
9.593,24.578,1
9.594,24.578,2
9.595,23.461,1
9.596,24.578,1
9.597,24.578,2
9.598,23.461,1
9.599,24.578,1
9.600,24.578,2
9.601,24.578,1
